지점명,일시,강수량(mm),1시간최다강수량(mm),1시간최다강수량시각
서울,2013.1.1,3.1,,
서울,2013.1.2,,,
서울,2013.1.3,,,
서울,2013.1.4,,,
서울,2013.1.5,,,
서울,2013.1.6,,,
서울,2013.1.7,,,
서울,2013.1.8,,,
서울,2013.1.9,,,
서울,2013.1.10,,,
서울,2013.1.11,0,,
서울,2013.1.12,0.1,,
서울,2013.1.13,,,
서울,2013.1.14,,,
서울,2013.1.15,,,
서울,2013.1.16,0.3,,
서울,2013.1.17,,,
서울,2013.1.18,,,
서울,2013.1.19,,,
서울,2013.1.20,,,
서울,2013.1.21,16.5,,
서울,2013.1.22,0.5,,
서울,2013.1.23,1.5,,
서울,2013.1.24,0.1,,
서울,2013.1.25,,,
서울,2013.1.26,,,
서울,2013.1.27,,,
서울,2013.1.28,,,
서울,2013.1.29,0,,
서울,2013.1.30,,,
서울,2013.1.31,0,,
서울,2013.2.1,46.5,,
서울,2013.2.2,,,
서울,2013.2.3,7.5,,
서울,2013.2.4,7.4,,
서울,2013.2.5,4.5,,
서울,2013.2.6,2.1,,
서울,2013.2.7,0,,
서울,2013.2.8,,,
서울,2013.2.9,,,
서울,2013.2.10,1.2,,
서울,2013.2.11,,,
서울,2013.2.12,0,,
서울,2013.2.13,,,
서울,2013.2.14,,,
서울,2013.2.15,,,
서울,2013.2.16,,,
서울,2013.2.17,0,,
서울,2013.2.18,,,
서울,2013.2.19,,,
서울,2013.2.20,,,
서울,2013.2.21,0,,
서울,2013.2.22,3.9,,
서울,2013.2.23,,,
서울,2013.2.24,,,
서울,2013.2.25,,,
서울,2013.2.26,0,,
서울,2013.2.27,,,
서울,2013.2.28,1,,
서울,2013.3.1,3,,
서울,2013.3.2,,,
서울,2013.3.3,,,
서울,2013.3.4,,,
서울,2013.3.5,,,
서울,2013.3.6,,,
서울,2013.3.7,0.5,,
서울,2013.3.8,,,
서울,2013.3.9,,,
서울,2013.3.10,,,
서울,2013.3.11,,,
서울,2013.3.12,3.5,,
서울,2013.3.13,11.5,,
서울,2013.3.14,,,
서울,2013.3.15,,,
서울,2013.3.16,,,
서울,2013.3.17,7.5,,
서울,2013.3.18,1,,
서울,2013.3.19,,,
서울,2013.3.20,0.1,,
서울,2013.3.21,,,
서울,2013.3.22,,,
서울,2013.3.23,,,
서울,2013.3.24,,,
서울,2013.3.25,,,
서울,2013.3.26,,,
서울,2013.3.27,,,
서울,2013.3.28,,,
서울,2013.3.29,,,
서울,2013.3.30,0.2,,
서울,2013.3.31,,,
서울,2013.4.1,0.5,0.4,
서울,2013.4.2,8.5,2,1:11
서울,2013.4.3,,,
서울,2013.4.4,,,
서울,2013.4.5,,,
서울,2013.4.6,14,1.5,6:09
서울,2013.4.7,1,0.5,0:11
서울,2013.4.8,1,1,20:55
서울,2013.4.9,0.5,0.5,
서울,2013.4.10,1.5,1,14:31
서울,2013.4.11,0.5,0.5,13:50
서울,2013.4.12,,,
서울,2013.4.13,,,
서울,2013.4.14,3.5,3,4:49
서울,2013.4.15,,,
서울,2013.4.16,,,
서울,2013.4.17,,,
서울,2013.4.18,,,
서울,2013.4.19,,,
서울,2013.4.20,9.5,2.5,6:36
서울,2013.4.21,,,
서울,2013.4.22,,,
서울,2013.4.23,5.5,1.5,18:35
서울,2013.4.24,0.1,0.1,
서울,2013.4.25,4.5,2.5,9:33
서울,2013.4.26,0.1,0.1,
서울,2013.4.27,,,
서울,2013.4.28,,,
서울,2013.4.29,21,11.5,5:06
서울,2013.4.30,,,
서울,2013.5.1,1,1,16:50
서울,2013.5.2,1,1,13:55
서울,2013.5.3,0,0,
서울,2013.5.4,,,
서울,2013.5.5,,,
서울,2013.5.6,,,
서울,2013.5.7,,,
서울,2013.5.8,,,
서울,2013.5.9,2.5,1,21:46
서울,2013.5.10,22,4.5,3:21
서울,2013.5.11,,,
서울,2013.5.12,1,1,1:57
서울,2013.5.13,,,
서울,2013.5.14,,,
서울,2013.5.15,,,
서울,2013.5.16,,,
서울,2013.5.17,,,
서울,2013.5.18,14.5,5.5,23:26
서울,2013.5.19,19.5,5,0:01
서울,2013.5.20,,,
서울,2013.5.21,,,
서울,2013.5.22,,,
서울,2013.5.23,,,
서울,2013.5.24,,,
서울,2013.5.25,,,
서울,2013.5.26,,,
서울,2013.5.27,56.5,11,16:13
서울,2013.5.28,11.5,5,11:28
서울,2013.5.29,2.5,2,14:57
서울,2013.5.30,,,
서울,2013.5.31,,,
서울,2013.6.1,,,
서울,2013.6.2,,,
서울,2013.6.3,,,
서울,2013.6.4,0.2,0.2,
서울,2013.6.5,,,
서울,2013.6.6,,,
서울,2013.6.7,,,
서울,2013.6.8,,,
서울,2013.6.9,,,
서울,2013.6.10,,,
서울,2013.6.11,7,3.5,18:38
서울,2013.6.12,6.5,2.5,5:04
서울,2013.6.13,,,
서울,2013.6.14,,,
서울,2013.6.15,,,
서울,2013.6.16,,,
서울,2013.6.17,0.5,0.3,20:40
서울,2013.6.18,12,2.5,19:20
서울,2013.6.19,0.1,0.1,
서울,2013.6.20,,,
서울,2013.6.21,,,
서울,2013.6.22,,,
서울,2013.6.23,0.3,0.2,
서울,2013.6.24,,,
서울,2013.6.25,,,
서울,2013.6.26,0,0,
서울,2013.6.27,,,
서울,2013.6.28,1.5,1,5:30
서울,2013.6.29,,,
서울,2013.6.30,0.2,0.2,
서울,2013.7.1,,,
서울,2013.7.2,51.5,22.5,7:47
서울,2013.7.3,,,
서울,2013.7.4,32.5,25,18:28
서울,2013.7.5,1,0.5,1:34
서울,2013.7.6,,,
서울,2013.7.7,3,1.5,12:45
서울,2013.7.8,68,18,10:20
서울,2013.7.9,6.5,2.5,0:48
서울,2013.7.10,1,0.5,1:15
서울,2013.7.11,14,5.5,9:02
서울,2013.7.12,74,30.5,19:31
서울,2013.7.13,165,39.5,0:55
서울,2013.7.14,23,8.5,16:04
서울,2013.7.15,3.5,2,8:04
서울,2013.7.16,1.5,1.3,22:08
서울,2013.7.17,18.5,11.5,0:12
서울,2013.7.18,26.5,14,12:27
서울,2013.7.19,,,
서울,2013.7.20,1,0.5,15:30
서울,2013.7.21,0.5,0.4,5:57
서울,2013.7.22,84.5,42,8:22
서울,2013.7.23,56.5,35,12:15
서울,2013.7.24,11.5,8,4:42
서울,2013.7.25,0,0,
서울,2013.7.26,,,
서울,2013.7.27,0.2,0.2,20:01
서울,2013.7.28,11,6,8:16
서울,2013.7.29,3.5,3.5,2:37
서울,2013.7.30,9.5,5.5,20:50
서울,2013.7.31,8.5,8.5,1:40
서울,2013.8.1,,,
서울,2013.8.2,7.5,5,5:40
서울,2013.8.3,0.1,0.1,
서울,2013.8.4,4.5,3.5,6:31
서울,2013.8.5,7,3,16:08
서울,2013.8.6,45,43.5,12:40
서울,2013.8.7,,,
서울,2013.8.8,,,
서울,2013.8.9,0,0,
서울,2013.8.10,2,1.5,11:45
서울,2013.8.11,,,
서울,2013.8.12,,,
서울,2013.8.13,,,
서울,2013.8.14,,,
서울,2013.8.15,0,0,
서울,2013.8.16,4.5,4.5,4:50
서울,2013.8.17,,,
서울,2013.8.18,13,17.3,23:16
서울,2013.8.19,6,4.5,0:00
서울,2013.8.20,,,
서울,2013.8.21,,,
서울,2013.8.22,0,0,
서울,2013.8.23,35,20.5,4:15
서울,2013.8.24,,,
서울,2013.8.25,,,
서울,2013.8.26,,,
서울,2013.8.27,,,
서울,2013.8.28,,,
서울,2013.8.29,21.5,13.5,12:05
서울,2013.8.30,,,
서울,2013.8.31,2.5,2.5,18:50
서울,2013.9.1,,,
서울,2013.9.2,,,
서울,2013.9.3,,,
서울,2013.9.4,,,
서울,2013.9.5,0,0,
서울,2013.9.6,0,0,
서울,2013.9.7,,,
서울,2013.9.8,,,
서울,2013.9.9,,,
서울,2013.9.10,11.5,6.5,16:48
서울,2013.9.11,36.5,9,5:09
서울,2013.9.12,0.5,0.5,19:53
서울,2013.9.13,50,13,10:37
서울,2013.9.14,11.5,7,5:02
서울,2013.9.15,,,
서울,2013.9.16,,,
서울,2013.9.17,,,
서울,2013.9.18,,,
서울,2013.9.19,,,
서울,2013.9.20,,,
서울,2013.9.21,,,
서울,2013.9.22,0,0,
서울,2013.9.23,,,
서울,2013.9.24,4.5,1.5,8:07
서울,2013.9.25,,,
서울,2013.9.26,,,
서울,2013.9.27,,,
서울,2013.9.28,4,2,23:29
서울,2013.9.29,19,6,2:19
서울,2013.9.30,1,1,5:17
서울,2013.10.1,,,
서울,2013.10.2,,,
서울,2013.10.3,,,
서울,2013.10.4,,,
서울,2013.10.5,,,
서울,2013.10.6,0,0,
서울,2013.10.7,,,
서울,2013.10.8,3,0.5,8:24
서울,2013.10.9,,,
서울,2013.10.10,,,
서울,2013.10.11,6.5,6,3:58
서울,2013.10.12,,,
서울,2013.10.13,,,
서울,2013.10.14,,,
서울,2013.10.15,3.5,2,10:13
서울,2013.10.16,,,
서울,2013.10.17,,,
서울,2013.10.18,,,
서울,2013.10.19,,,
서울,2013.10.20,,,
서울,2013.10.21,,,
서울,2013.10.22,,,
서울,2013.10.23,,,
서울,2013.10.24,,,
서울,2013.10.25,,,
서울,2013.10.26,,,
서울,2013.10.27,,,
서울,2013.10.28,,,
서울,2013.10.29,0.5,0.5,16:35
서울,2013.10.30,,,
서울,2013.10.31,,,
서울,2013.11.1,,,
서울,2013.11.2,7.5,,
서울,2013.11.3,0,,
서울,2013.11.4,,,
서울,2013.11.5,,,
서울,2013.11.6,1,,
서울,2013.11.7,0.1,,
서울,2013.11.8,,,
서울,2013.11.9,5.5,,
서울,2013.11.10,0,,
서울,2013.11.11,,,
서울,2013.11.12,,,
서울,2013.11.13,,,
서울,2013.11.14,1,,
서울,2013.11.15,2,,
서울,2013.11.16,2,,
서울,2013.11.17,1,,
서울,2013.11.18,0,,
서울,2013.11.19,0,,
서울,2013.11.20,,,
서울,2013.11.21,,,
서울,2013.11.22,,,
서울,2013.11.23,,,
서울,2013.11.24,14,,
서울,2013.11.25,9.5,,
서울,2013.11.26,1.5,,
서울,2013.11.27,1.7,,
서울,2013.11.28,,,
서울,2013.11.29,0,,
서울,2013.11.30,,,
서울,2013.12.1,,,
서울,2013.12.2,0,,
서울,2013.12.3,,,
서울,2013.12.4,,,
서울,2013.12.5,,,
서울,2013.12.6,0,,
서울,2013.12.7,0.1,,
서울,2013.12.8,0,,
서울,2013.12.9,14,,
서울,2013.12.10,,,
서울,2013.12.11,2.6,,
서울,2013.12.12,4.1,,
서울,2013.12.13,,,
서울,2013.12.14,1.1,,
서울,2013.12.15,,,
서울,2013.12.16,,,
서울,2013.12.17,,,
서울,2013.12.18,0.8,,
서울,2013.12.19,0.3,,
서울,2013.12.20,0,,
서울,2013.12.21,,,
서울,2013.12.22,,,
서울,2013.12.23,,,
서울,2013.12.24,,,
서울,2013.12.25,,,
서울,2013.12.26,1.6,,
서울,2013.12.27,,,
서울,2013.12.28,,,
서울,2013.12.29,0.1,,
서울,2013.12.30,,,
서울,2013.12.31,,,
서울,2014.1.1,0,,
서울,2014.1.2,,,
서울,2014.1.3,,,
서울,2014.1.4,,,
서울,2014.1.5,,,
서울,2014.1.6,,,
서울,2014.1.7,0,,
서울,2014.1.8,0,,
서울,2014.1.9,,,
서울,2014.1.10,0,,
서울,2014.1.11,,,
서울,2014.1.12,0,,
서울,2014.1.13,,,
서울,2014.1.14,,,
서울,2014.1.15,,,
서울,2014.1.16,,,
서울,2014.1.17,,,
서울,2014.1.18,,,
서울,2014.1.19,0,,
서울,2014.1.20,5.3,,
서울,2014.1.21,0.7,,
서울,2014.1.22,,,
서울,2014.1.23,,,
서울,2014.1.24,,,
서울,2014.1.25,3,,
서울,2014.1.26,,,
서울,2014.1.27,,,
서울,2014.1.28,0.5,,
서울,2014.1.29,,,
서울,2014.1.30,3.5,,
서울,2014.1.31,,,
서울,2014.2.1,11,,
서울,2014.2.2,0.5,,
서울,2014.2.3,,,
서울,2014.2.4,,,
서울,2014.2.5,,,
서울,2014.2.6,,,
서울,2014.2.7,0,,
서울,2014.2.8,4.3,,
서울,2014.2.9,0.2,,
서울,2014.2.10,0.2,,
서울,2014.2.11,,,
서울,2014.2.12,0,,
서울,2014.2.13,,,
서울,2014.2.14,,,
서울,2014.2.15,,,
서울,2014.2.16,,,
서울,2014.2.17,,,
서울,2014.2.18,,,
서울,2014.2.19,,,
서울,2014.2.20,,,
서울,2014.2.21,,,
서울,2014.2.22,,,
서울,2014.2.23,,,
서울,2014.2.24,,,
서울,2014.2.25,,,
서울,2014.2.26,,,
서울,2014.2.27,,,
서울,2014.2.28,,,
서울,2014.3.1,,,
서울,2014.3.2,,,
서울,2014.3.3,,,
서울,2014.3.4,,,
서울,2014.3.5,0,,
서울,2014.3.6,0,,
서울,2014.3.7,,,
서울,2014.3.8,,,
서울,2014.3.9,2.2,,
서울,2014.3.10,,,
서울,2014.3.11,,,
서울,2014.3.12,0.2,,
서울,2014.3.13,0,,
서울,2014.3.14,,,
서울,2014.3.15,,,
서울,2014.3.16,,,
서울,2014.3.17,0.5,,
서울,2014.3.18,0.4,,
서울,2014.3.19,,,
서울,2014.3.20,0.4,,
서울,2014.3.21,,,
서울,2014.3.22,,,
서울,2014.3.23,,,
서울,2014.3.24,0,,
서울,2014.3.25,0,,
서울,2014.3.26,0,,
서울,2014.3.27,,,
서울,2014.3.28,,,
서울,2014.3.29,3.5,,
서울,2014.3.30,0,,
서울,2014.3.31,,,
서울,2014.4.1,,,
서울,2014.4.2,,,
서울,2014.4.3,0.5,0.5,11:18
서울,2014.4.4,,,
서울,2014.4.5,0,0,
서울,2014.4.6,,,
서울,2014.4.7,,,
서울,2014.4.8,,,
서울,2014.4.9,,,
서울,2014.4.10,,,
서울,2014.4.11,,,
서울,2014.4.12,,,
서울,2014.4.13,,,
서울,2014.4.14,,,
서울,2014.4.15,,,
서울,2014.4.16,,,
서울,2014.4.17,3,2,19:04
서울,2014.4.18,,,
서울,2014.4.19,,,
서울,2014.4.20,,,
서울,2014.4.21,,,
서울,2014.4.22,,,
서울,2014.4.23,,,
서울,2014.4.24,,,
서울,2014.4.25,,,
서울,2014.4.26,,,
서울,2014.4.27,8.5,3.5,2:52
서울,2014.4.28,13.5,3,12:39
서울,2014.4.29,5.5,3.5,5:19
서울,2014.4.30,0,,
서울,2014.5.1,,,
서울,2014.5.2,1,1,16:16
서울,2014.5.3,,,
서울,2014.5.4,0.2,0.2,
서울,2014.5.5,,,
서울,2014.5.6,,,
서울,2014.5.7,2,1.5,20:50
서울,2014.5.8,4,1.5,0:41
서울,2014.5.9,,,
서울,2014.5.10,,,
서울,2014.5.11,23,9,20:07
서울,2014.5.12,10,5,0:37
서울,2014.5.13,,,
서울,2014.5.14,,,
서울,2014.5.15,0.3,0.3,5:44
서울,2014.5.16,,,
서울,2014.5.17,,,
서울,2014.5.18,,,
서울,2014.5.19,,,
서울,2014.5.20,,,
서울,2014.5.21,,,
서울,2014.5.22,,,
서울,2014.5.23,,,
서울,2014.5.24,,,
서울,2014.5.25,21,8.5,21:52
서울,2014.5.26,1.5,1,0:01
서울,2014.5.27,,,
서울,2014.5.28,,,
서울,2014.5.29,,,
서울,2014.5.30,,,
서울,2014.5.31,,,
서울,2014.6.1,,,
서울,2014.6.2,2,0.9,11:41
서울,2014.6.3,33,6,5:32
서울,2014.6.4,,,
서울,2014.6.5,,,
서울,2014.6.6,,,
서울,2014.6.7,,,
서울,2014.6.8,,,
서울,2014.6.9,,,
서울,2014.6.10,5.5,2.5,16:16
서울,2014.6.11,19,14,15:29
서울,2014.6.12,0.1,0.1,
서울,2014.6.13,0,0,
서울,2014.6.14,,,
서울,2014.6.15,,,
서울,2014.6.16,,,
서울,2014.6.17,3.5,3.5,19:55
서울,2014.6.18,0.1,0.1,
서울,2014.6.19,0,0,
서울,2014.6.20,1.5,1,21:10
서울,2014.6.21,8.5,5.5,19:03
서울,2014.6.22,0.4,0.4,19:57
서울,2014.6.23,24.5,14.5,15:40
서울,2014.6.24,,,
서울,2014.6.25,,,
서울,2014.6.26,,,
서울,2014.6.27,,,
서울,2014.6.28,0,0,
서울,2014.6.29,,,
서울,2014.6.30,,,
서울,2014.7.1,,,
서울,2014.7.2,20.5,18,21:50
서울,2014.7.3,2,1,11:05
서울,2014.7.4,,,
서울,2014.7.5,,,
서울,2014.7.6,,,
서울,2014.7.7,,,
서울,2014.7.8,0.2,0.2,
서울,2014.7.9,0.5,0.4,14:44
서울,2014.7.10,,,
서울,2014.7.11,,,
서울,2014.7.12,,,
서울,2014.7.13,,,
서울,2014.7.14,,,
서울,2014.7.15,,,
서울,2014.7.16,,,
서울,2014.7.17,0.2,0.2,
서울,2014.7.18,1.5,1.5,4:43
서울,2014.7.19,,,
서울,2014.7.20,,,
서울,2014.7.21,,,
서울,2014.7.22,16.5,15.5,18:41
서울,2014.7.23,55,21.5,3:06
서울,2014.7.24,48,10.5,6:09
서울,2014.7.25,59.5,34.5,1:14
서울,2014.7.26,2.5,0.6,3:54
서울,2014.7.27,,,
서울,2014.7.28,,,
서울,2014.7.29,,,
서울,2014.7.30,,,
서울,2014.7.31,1.5,1.5,17:25
서울,2014.8.1,,,
서울,2014.8.2,0,0,
서울,2014.8.3,13,2.5,18:39
서울,2014.8.4,6.5,1.5,0:01
서울,2014.8.5,0,0,
서울,2014.8.6,10.5,4.5,16:16
서울,2014.8.7,0.2,0.2,
서울,2014.8.8,,,
서울,2014.8.9,,,
서울,2014.8.10,42.5,25.5,17:21
서울,2014.8.11,,,
서울,2014.8.12,,,
서울,2014.8.13,0,0,
서울,2014.8.14,0.5,0.4,12:28
서울,2014.8.15,,,
서울,2014.8.16,,,
서울,2014.8.17,3,1.5,10:29
서울,2014.8.18,11.5,6.5,10:35
서울,2014.8.19,4.5,2,22:45
서울,2014.8.20,0.5,0.4,2:30
서울,2014.8.21,46.5,23.5,9:13
서울,2014.8.22,15,13,0:40
서울,2014.8.23,0.5,0.5,3:40
서울,2014.8.24,0.1,0.1,
서울,2014.8.25,0,0,
서울,2014.8.26,11.5,11,17:42
서울,2014.8.27,,,
서울,2014.8.28,,,
서울,2014.8.29,6.5,6.5,20:50
서울,2014.8.30,,,
서울,2014.8.31,,,
서울,2014.9.1,1.5,1.5,18:37
서울,2014.9.2,6,4,23:09
서울,2014.9.3,57.5,11.5,0:29
서울,2014.9.4,,,
서울,2014.9.5,,,
서울,2014.9.6,,,
서울,2014.9.7,,,
서울,2014.9.8,,,
서울,2014.9.9,,,
서울,2014.9.10,,,
서울,2014.9.11,,,
서울,2014.9.12,0.1,0.1,
서울,2014.9.13,,,
서울,2014.9.14,,,
서울,2014.9.15,,,
서울,2014.9.16,,,
서울,2014.9.17,,,
서울,2014.9.18,,,
서울,2014.9.19,,,
서울,2014.9.20,,,
서울,2014.9.21,0,0,
서울,2014.9.22,,,
서울,2014.9.23,,,
서울,2014.9.24,6.5,3,9:20
서울,2014.9.25,,,
서울,2014.9.26,0,0,
서울,2014.9.27,,,
서울,2014.9.28,0.5,0.5,20:10
서울,2014.9.29,16,4.5,13:23
서울,2014.9.30,,,
서울,2014.10.1,,,
서울,2014.10.2,9,6,16:04
서울,2014.10.3,,,
서울,2014.10.4,,,
서울,2014.10.5,,,
서울,2014.10.6,,,
서울,2014.10.7,,,
서울,2014.10.8,,,
서울,2014.10.9,,,
서울,2014.10.10,,,
서울,2014.10.11,,,
서울,2014.10.12,,,
서울,2014.10.13,,,
서울,2014.10.14,,,
서울,2014.10.15,,,
서울,2014.10.16,2.5,2.5,5:10
서울,2014.10.17,,,
서울,2014.10.18,,,
서울,2014.10.19,,,
서울,2014.10.20,21.5,5,5:07
서울,2014.10.21,18.5,3,13:33
서울,2014.10.22,,,
서울,2014.10.23,,,
서울,2014.10.24,,,
서울,2014.10.25,,,
서울,2014.10.26,0.5,0.5,18:40
서울,2014.10.27,,,
서울,2014.10.28,,,
서울,2014.10.29,,,
서울,2014.10.30,,,
서울,2014.10.31,0.2,0.1,
서울,2014.11.1,,,
서울,2014.11.2,2.5,,
서울,2014.11.3,,,
서울,2014.11.4,,,
서울,2014.11.5,,,
서울,2014.11.6,0.5,,
서울,2014.11.7,,,
서울,2014.11.8,,,
서울,2014.11.9,,,
서울,2014.11.10,,,
서울,2014.11.11,2,,
서울,2014.11.12,5,,
서울,2014.11.13,,,
서울,2014.11.14,0,,
서울,2014.11.15,,,
서울,2014.11.16,1,,
서울,2014.11.17,1.5,,
서울,2014.11.18,,,
서울,2014.11.19,,,
서울,2014.11.20,,,
서울,2014.11.21,,,
서울,2014.11.22,4,,
서울,2014.11.23,,,
서울,2014.11.24,,,
서울,2014.11.25,,,
서울,2014.11.26,,,
서울,2014.11.27,,,
서울,2014.11.28,18,,
서울,2014.11.29,,,
서울,2014.11.30,7,,
서울,2014.12.1,0.5,,
서울,2014.12.2,0,,
서울,2014.12.3,0.9,,
서울,2014.12.4,0,,
서울,2014.12.5,,,
서울,2014.12.6,,,
서울,2014.12.7,,,
서울,2014.12.8,,,
서울,2014.12.9,,,
서울,2014.12.10,2,,
서울,2014.12.11,0.5,,
서울,2014.12.12,0.1,,
서울,2014.12.13,,,
서울,2014.12.14,0,,
서울,2014.12.15,10.5,,
서울,2014.12.16,0,,
서울,2014.12.17,,,
서울,2014.12.18,,,
서울,2014.12.19,0.9,,
서울,2014.12.20,2,,
서울,2014.12.21,0,,
서울,2014.12.22,0.3,,
서울,2014.12.23,,,
서울,2014.12.24,0.2,,
서울,2014.12.25,,,
서울,2014.12.26,,,
서울,2014.12.27,,,
서울,2014.12.28,,,
서울,2014.12.29,,,
서울,2014.12.30,,,
서울,2014.12.31,0,,
서울,2015.1.1,,,
서울,2015.1.2,,,
서울,2015.1.3,,,
서울,2015.1.4,0,,
서울,2015.1.5,0.4,,
서울,2015.1.6,3,,
서울,2015.1.7,,,
서울,2015.1.8,,,
서울,2015.1.9,,,
서울,2015.1.10,,,
서울,2015.1.11,,,
서울,2015.1.12,,,
서울,2015.1.13,,,
서울,2015.1.14,,,
서울,2015.1.15,,,
서울,2015.1.16,0.3,,
서울,2015.1.17,,,
서울,2015.1.18,4,,
서울,2015.1.19,0.1,,
서울,2015.1.20,,,
서울,2015.1.21,,,
서울,2015.1.22,,,
서울,2015.1.23,,,
서울,2015.1.24,,,
서울,2015.1.25,3,,
서울,2015.1.26,0.5,,
서울,2015.1.27,,,
서울,2015.1.28,,,
서울,2015.1.29,,,
서울,2015.1.30,,,
서울,2015.1.31,,,
서울,2015.2.1,,,
서울,2015.2.2,,,
서울,2015.2.3,,,
서울,2015.2.4,,,
서울,2015.2.5,,,
서울,2015.2.6,,,
서울,2015.2.7,,,
서울,2015.2.8,,,
서울,2015.2.9,0.2,,
서울,2015.2.10,,,
서울,2015.2.11,,,
서울,2015.2.12,,,
서울,2015.2.13,,,
서울,2015.2.14,,,
서울,2015.2.15,,,
서울,2015.2.16,10.5,,
서울,2015.2.17,0.5,,
서울,2015.2.18,0,,
서울,2015.2.19,,,
서울,2015.2.20,,,
서울,2015.2.21,8,,
서울,2015.2.22,2.5,,
서울,2015.2.23,,,
서울,2015.2.24,,,
서울,2015.2.25,0.5,,
서울,2015.2.26,0.5,,
서울,2015.2.27,,,
서울,2015.2.28,,,
서울,2015.3.1,0,,
서울,2015.3.2,,,
서울,2015.3.3,5.5,,
서울,2015.3.4,,,
서울,2015.3.5,,,
서울,2015.3.6,,,
서울,2015.3.7,,,
서울,2015.3.8,,,
서울,2015.3.9,,,
서울,2015.3.10,,,
서울,2015.3.11,,,
서울,2015.3.12,,,
서울,2015.3.13,0.1,,
서울,2015.3.14,,,
서울,2015.3.15,,,
서울,2015.3.16,,,
서울,2015.3.17,0,,
서울,2015.3.18,1.5,,
서울,2015.3.19,,,
서울,2015.3.20,,,
서울,2015.3.21,,,
서울,2015.3.22,,,
서울,2015.3.23,,,
서울,2015.3.24,,,
서울,2015.3.25,,,
서울,2015.3.26,,,
서울,2015.3.27,,,
서울,2015.3.28,,,
서울,2015.3.29,,,
서울,2015.3.30,,,
서울,2015.3.31,2.5,,
서울,2015.4.1,2.5,2,1:12
서울,2015.4.2,28,16.5,20:22
서울,2015.4.3,3.5,2,0:28
서울,2015.4.4,0,0,
서울,2015.4.5,0.5,0.5,12:57
서울,2015.4.6,,,
서울,2015.4.7,0,0,
서울,2015.4.8,,,
서울,2015.4.9,,,
서울,2015.4.10,,,
서울,2015.4.11,,,
서울,2015.4.12,,,
서울,2015.4.13,6.5,2,20:40
서울,2015.4.14,10.5,2.5,7:03
서울,2015.4.15,1,0.5,0:01
서울,2015.4.16,7,4.5,13:21
서울,2015.4.17,,,
서울,2015.4.18,0,0,
서울,2015.4.19,12,3.5,11:01
서울,2015.4.20,5.5,1.5,1:46
서울,2015.4.21,,,
서울,2015.4.22,0,0,
서울,2015.4.23,,,
서울,2015.4.24,,,
서울,2015.4.25,,,
서울,2015.4.26,,,
서울,2015.4.27,,,
서울,2015.4.28,0,0,
서울,2015.4.29,3.5,1,7:41
서울,2015.4.30,,,
서울,2015.5.1,,,
서울,2015.5.2,0.5,0.5,21:31
서울,2015.5.3,3.5,2,3:27
서울,2015.5.4,,,
서울,2015.5.5,,,
서울,2015.5.6,,,
서울,2015.5.7,,,
서울,2015.5.8,,,
서울,2015.5.9,,,
서울,2015.5.10,,,
서울,2015.5.11,14,6.5,21:00
서울,2015.5.12,9.5,4,0:10
서울,2015.5.13,0,0,
서울,2015.5.14,,,
서울,2015.5.15,,,
서울,2015.5.16,,,
서울,2015.5.17,,,
서울,2015.5.18,,,
서울,2015.5.19,1,0.5,16:42
서울,2015.5.20,,,
서울,2015.5.21,,,
서울,2015.5.22,,,
서울,2015.5.23,,,
서울,2015.5.24,,,
서울,2015.5.25,,,
서울,2015.5.26,,,
서울,2015.5.27,,,
서울,2015.5.28,,,
서울,2015.5.29,,,
서울,2015.5.30,0.4,0.2,6:52
서울,2015.5.31,,,
서울,2015.6.1,,,
서울,2015.6.2,,,
서울,2015.6.3,,,
서울,2015.6.4,,,
서울,2015.6.5,1,0.5,13:03
서울,2015.6.6,,,
서울,2015.6.7,,,
서울,2015.6.8,,,
서울,2015.6.9,,,
서울,2015.6.10,,,
서울,2015.6.11,7.5,5.5,22:23
서울,2015.6.12,0.5,0.5,1:55
서울,2015.6.13,0.5,0.4,0:37
서울,2015.6.14,15.5,15,5:12
서울,2015.6.15,,,
서울,2015.6.16,,,
서울,2015.6.17,9.5,10.5,23:30
서울,2015.6.18,3,2.5,0:01
서울,2015.6.19,,,
서울,2015.6.20,44.5,25.5,9:30
서울,2015.6.21,,,
서울,2015.6.22,,,
서울,2015.6.23,,,
서울,2015.6.24,,,
서울,2015.6.25,2,1.1,20:33
서울,2015.6.26,12.5,4,1:53
서울,2015.6.27,,,
서울,2015.6.28,,,
서울,2015.6.29,0,0,
서울,2015.6.30,2.5,2,18:23
서울,2015.7.1,0.5,0.5,0:04
서울,2015.7.2,,,
서울,2015.7.3,,,
서울,2015.7.4,,,
서울,2015.7.5,,,
서울,2015.7.6,,,
서울,2015.7.7,,,
서울,2015.7.8,0.5,0.5,8:04
서울,2015.7.9,,,
서울,2015.7.10,,,
서울,2015.7.11,0,0,
서울,2015.7.12,29,4,11:10
서울,2015.7.13,10,2.5,1:44
서울,2015.7.14,,,
서울,2015.7.15,,,
서울,2015.7.16,,,
서울,2015.7.17,,,
서울,2015.7.18,0.5,0.5,17:39
서울,2015.7.19,5,2.5,1:45
서울,2015.7.20,,,
서울,2015.7.21,11,10.5,4:17
서울,2015.7.22,1,0.5,12:28
서울,2015.7.23,16,6,16:15
서울,2015.7.24,26.5,7,3:47
서울,2015.7.25,80,31,16:35
서울,2015.7.26,40.5,14,5:46
서울,2015.7.27,1.5,1.5,3:12
서울,2015.7.28,0,0,
서울,2015.7.29,4,3,7:37
서울,2015.7.30,,,
서울,2015.7.31,,,
서울,2015.8.1,,,
서울,2015.8.2,16.5,14.5,1:45
서울,2015.8.3,0,0,
서울,2015.8.4,,,
서울,2015.8.5,0.1,0.1,7:40
서울,2015.8.6,,,
서울,2015.8.7,11,9,15:40
서울,2015.8.8,7.5,6,13:51
서울,2015.8.9,,,
서울,2015.8.10,,,
서울,2015.8.11,,,
서울,2015.8.12,,,
서울,2015.8.13,0,0,
서울,2015.8.14,,,
서울,2015.8.15,0.1,0.1,
서울,2015.8.16,29,21.5,18:49
서울,2015.8.17,,,
서울,2015.8.18,,,
서울,2015.8.19,0,0,
서울,2015.8.20,0.4,0.4,11:10
서울,2015.8.21,2.5,2.3,3:54
서울,2015.8.22,0,0,
서울,2015.8.23,,,
서울,2015.8.24,,,
서울,2015.8.25,5.5,1.5,16:01
서울,2015.8.26,0,0,
서울,2015.8.27,0,0,
서울,2015.8.28,0.3,0.3,18:25
서울,2015.8.29,,,
서울,2015.8.30,0,0,
서울,2015.8.31,,,
서울,2015.9.1,,,
서울,2015.9.2,0.5,0.4,13:20
서울,2015.9.3,18,16.5,2:52
서울,2015.9.4,,,
서울,2015.9.5,5,3,9:55
서울,2015.9.6,,,
서울,2015.9.7,,,
서울,2015.9.8,,,
서울,2015.9.9,,,
서울,2015.9.10,,,
서울,2015.9.11,2.5,2,18:50
서울,2015.9.12,,,
서울,2015.9.13,,,
서울,2015.9.14,,,
서울,2015.9.15,,,
서울,2015.9.16,,,
서울,2015.9.17,,,
서울,2015.9.18,,,
서울,2015.9.19,,,
서울,2015.9.20,,,
서울,2015.9.21,,,
서울,2015.9.22,,,
서울,2015.9.23,,,
서울,2015.9.24,,,
서울,2015.9.25,,,
서울,2015.9.26,,,
서울,2015.9.27,,,
서울,2015.9.28,0,0,
서울,2015.9.29,,,
서울,2015.9.30,,,
서울,2015.10.1,35,16.5,11:08
서울,2015.10.2,,,
서울,2015.10.3,,,
서울,2015.10.4,,,
서울,2015.10.5,,,
서울,2015.10.6,,,
서울,2015.10.7,,,
서울,2015.10.8,,,
서울,2015.10.9,,,
서울,2015.10.10,3.5,3,5:49
서울,2015.10.11,3.5,2,17:40
서울,2015.10.12,,,
서울,2015.10.13,,,
서울,2015.10.14,,,
서울,2015.10.15,,,
서울,2015.10.16,,,
서울,2015.10.17,,,
서울,2015.10.18,,,
서울,2015.10.19,,,
서울,2015.10.20,,,
서울,2015.10.21,,,
서울,2015.10.22,,,
서울,2015.10.23,,,
서울,2015.10.24,10.5,10.5,5:07
서울,2015.10.25,,,
서울,2015.10.26,2,1,22:07
서울,2015.10.27,26.5,4.5,3:28
서울,2015.10.28,,,
서울,2015.10.29,0.5,0.5,18:35
서울,2015.10.30,,,
서울,2015.10.31,,,
서울,2015.11.1,,,
서울,2015.11.2,,,
서울,2015.11.3,,,
서울,2015.11.4,,,
서울,2015.11.5,,,
서울,2015.11.6,4.5,,
서울,2015.11.7,24.5,,
서울,2015.11.8,10.5,,
서울,2015.11.9,3.5,,
서울,2015.11.10,,,
서울,2015.11.11,,,
서울,2015.11.12,,,
서울,2015.11.13,22.5,,
서울,2015.11.14,3.5,,
서울,2015.11.15,,,
서울,2015.11.16,5.5,,
서울,2015.11.17,,,
서울,2015.11.18,5.5,,
서울,2015.11.19,,,
서울,2015.11.20,,,
서울,2015.11.21,,,
서울,2015.11.22,3.5,,
서울,2015.11.23,6.5,,
서울,2015.11.24,0.5,,
서울,2015.11.25,11,,
서울,2015.11.26,0,,
서울,2015.11.27,,,
서울,2015.11.28,0.1,,
서울,2015.11.29,3,,
서울,2015.11.30,,,
서울,2015.12.1,,,
서울,2015.12.2,13.5,,
서울,2015.12.3,7.1,,
서울,2015.12.4,,,
서울,2015.12.5,,,
서울,2015.12.6,,,
서울,2015.12.7,,,
서울,2015.12.8,,,
서울,2015.12.9,,,
서울,2015.12.10,0.3,,
서울,2015.12.11,,,
서울,2015.12.12,,,
서울,2015.12.13,,,
서울,2015.12.14,2.5,,
서울,2015.12.15,0.1,,
서울,2015.12.16,,,
서울,2015.12.17,,,
서울,2015.12.18,0,,
서울,2015.12.19,,,
서울,2015.12.20,,,
서울,2015.12.21,2,,
서울,2015.12.22,,,
서울,2015.12.23,0.4,,
서울,2015.12.24,,,
서울,2015.12.25,0,,
서울,2015.12.26,0.7,,
서울,2015.12.27,,,
서울,2015.12.28,,,
서울,2015.12.29,,,
서울,2015.12.30,2.5,,
서울,2015.12.31,,,
서울,2016.1.1,,,
서울,2016.1.2,,,
서울,2016.1.3,,,
서울,2016.1.4,,,
서울,2016.1.5,,,
서울,2016.1.6,,,
서울,2016.1.7,,,
서울,2016.1.8,,,
서울,2016.1.9,,,
서울,2016.1.10,,,
서울,2016.1.11,,,
서울,2016.1.12,,,
서울,2016.1.13,0.4,,
서울,2016.1.14,0,,
서울,2016.1.15,,,
서울,2016.1.16,0.1,,
서울,2016.1.17,,,
서울,2016.1.18,0.2,,
서울,2016.1.19,,,
서울,2016.1.20,,,
서울,2016.1.21,,,
서울,2016.1.22,,,
서울,2016.1.23,0,,
서울,2016.1.24,,,
서울,2016.1.25,,,
서울,2016.1.26,0.3,,
서울,2016.1.27,,,
서울,2016.1.28,,,
서울,2016.1.29,,,
서울,2016.1.30,,,
서울,2016.1.31,,,
서울,2016.2.1,,,
서울,2016.2.2,,,
서울,2016.2.3,,,
서울,2016.2.4,,,
서울,2016.2.5,,,
서울,2016.2.6,,,
서울,2016.2.7,,,
서울,2016.2.8,,,
서울,2016.2.9,,,
서울,2016.2.10,,,
서울,2016.2.11,0.1,,
서울,2016.2.12,18,,
서울,2016.2.13,21,,
서울,2016.2.14,2.5,,
서울,2016.2.15,0,,
서울,2016.2.16,0.8,,
서울,2016.2.17,,,
서울,2016.2.18,,,
서울,2016.2.19,,,
서울,2016.2.20,,,
서울,2016.2.21,,,
서울,2016.2.22,0,,
서울,2016.2.23,0.9,,
서울,2016.2.24,,,
서울,2016.2.25,,,
서울,2016.2.26,0,,
서울,2016.2.27,0.2,,
서울,2016.2.28,4.1,,
서울,2016.2.29,0,,
서울,2016.3.1,,,
서울,2016.3.2,,,
서울,2016.3.3,,,
서울,2016.3.4,0.1,,
서울,2016.3.5,40,,
서울,2016.3.6,0.2,,
서울,2016.3.7,0,,
서울,2016.3.8,,,
서울,2016.3.9,,,
서울,2016.3.10,,,
서울,2016.3.11,,,
서울,2016.3.12,,,
서울,2016.3.13,0.1,,
서울,2016.3.14,,,
서울,2016.3.15,,,
서울,2016.3.16,,,
서울,2016.3.17,,,
서울,2016.3.18,,,
서울,2016.3.19,,,
서울,2016.3.20,,,
서울,2016.3.21,,,
서울,2016.3.22,,,
서울,2016.3.23,,,
서울,2016.3.24,,,
서울,2016.3.25,,,
서울,2016.3.26,,,
서울,2016.3.27,,,
서울,2016.3.28,,,
서울,2016.3.29,0.1,,
서울,2016.3.30,,,
서울,2016.3.31,,,
서울,2016.4.1,,,
서울,2016.4.2,,,
서울,2016.4.3,2,1,15:00
서울,2016.4.4,,,
서울,2016.4.5,,,
서울,2016.4.6,3,2.5,22:42
서울,2016.4.7,7.5,2,0:02
서울,2016.4.8,,,
서울,2016.4.9,,,
서울,2016.4.10,,,
서울,2016.4.11,,,
서울,2016.4.12,,,
서울,2016.4.13,1,1,6:29
서울,2016.4.14,,,
서울,2016.4.15,,,
서울,2016.4.16,23.5,7.5,19:36
서울,2016.4.17,20.5,7.5,0:38
서울,2016.4.18,1.5,1.5,17:07
서울,2016.4.19,,,
서울,2016.4.20,0.5,0.3,18:44
서울,2016.4.21,17,4,6:57
서울,2016.4.22,0,0,
서울,2016.4.23,,,
서울,2016.4.24,,,
서울,2016.4.25,,,
서울,2016.4.26,,,
서울,2016.4.27,,,
서울,2016.4.28,,,
서울,2016.4.29,0.3,0.3,2:04
서울,2016.4.30,,,
서울,2016.5.1,,,
서울,2016.5.2,16.5,7,21:19
서울,2016.5.3,27,6,9:04
서울,2016.5.4,,,
서울,2016.5.5,7.5,6,22:36
서울,2016.5.6,9.5,5,7:27
서울,2016.5.7,,,
서울,2016.5.8,,,
서울,2016.5.9,0,0,
서울,2016.5.10,13.5,2.5,9:50
서울,2016.5.11,,,
서울,2016.5.12,,,
서울,2016.5.13,0.5,0.5,1:10
서울,2016.5.14,,,
서울,2016.5.15,45,12,16:17
서울,2016.5.16,2.5,1.5,#VALUE!
서울,2016.5.17,,,
서울,2016.5.18,,,
서울,2016.5.19,,,
서울,2016.5.20,,,
서울,2016.5.21,,,
서울,2016.5.22,,,
서울,2016.5.23,,,
서울,2016.5.24,38.5,7.5,3:27
서울,2016.5.25,,,
서울,2016.5.26,0,0,
서울,2016.5.27,,,
서울,2016.5.28,,,
서울,2016.5.29,,,
서울,2016.5.30,,,
서울,2016.5.31,,,
서울,2016.6.1,,,
서울,2016.6.2,,,
서울,2016.6.3,,,
서울,2016.6.4,,,
서울,2016.6.5,,,
서울,2016.6.6,0,0,
서울,2016.6.7,0.1,0.1,
서울,2016.6.8,,,
서울,2016.6.9,,,
서울,2016.6.10,,,
서울,2016.6.11,3,1.5,15:07
서울,2016.6.12,1.5,1.5,#VALUE!
서울,2016.6.13,,,
서울,2016.6.14,0,0,
서울,2016.6.15,15.5,7,5:39
서울,2016.6.16,0,0,
서울,2016.6.17,,,
서울,2016.6.18,,,
서울,2016.6.19,0,0,
서울,2016.6.20,,,
서울,2016.6.21,,,
서울,2016.6.22,30.5,26,13:39
서울,2016.6.23,0.1,0.1,
서울,2016.6.24,3.5,1,6:19
서울,2016.6.25,,,
서울,2016.6.26,,,
서울,2016.6.27,,,
서울,2016.6.28,,,
서울,2016.6.29,,,
서울,2016.6.30,0.2,0.1,
서울,2016.7.1,108.5,31.5,14:40
서울,2016.7.2,4,2,1:21
서울,2016.7.3,,,
서울,2016.7.4,29.5,13,21:39
서울,2016.7.5,100.5,40,8:39
서울,2016.7.6,0,0,
서울,2016.7.7,0,0,
서울,2016.7.8,,,
서울,2016.7.9,,,
서울,2016.7.10,,,
서울,2016.7.11,0,0,
서울,2016.7.12,3,2,5:20
서울,2016.7.13,0,0,
서울,2016.7.14,0.1,0.1,
서울,2016.7.15,1.5,1.4,22:49
서울,2016.7.16,46.5,9,5:41
서울,2016.7.17,2.5,2.5,#VALUE!
서울,2016.7.18,0.2,0.2,
서울,2016.7.19,,,
서울,2016.7.20,,,
서울,2016.7.21,,,
서울,2016.7.22,,,
서울,2016.7.23,0.5,0.4,18:55
서울,2016.7.24,0.5,0.5,12:05
서울,2016.7.25,,,
서울,2016.7.26,,,
서울,2016.7.27,0.5,0.5,13:30
서울,2016.7.28,0.2,0.2,
서울,2016.7.29,59.5,51.5,6:26
서울,2016.7.30,0.5,0.5,0:00
서울,2016.7.31,0.2,0.1,
서울,2016.8.1,,,
서울,2016.8.2,2,2,17:58
서울,2016.8.3,,,
서울,2016.8.4,,,
서울,2016.8.5,,,
서울,2016.8.6,,,
서울,2016.8.7,,,
서울,2016.8.8,,,
서울,2016.8.9,1,0.5,16:05
서울,2016.8.10,,,
서울,2016.8.11,,,
서울,2016.8.12,,,
서울,2016.8.13,,,
서울,2016.8.14,0.2,0.2,
서울,2016.8.15,0,0,
서울,2016.8.16,0.5,0.5,15:30
서울,2016.8.17,,,
서울,2016.8.18,,,
서울,2016.8.19,11.5,11.5,16:44
서울,2016.8.20,,,
서울,2016.8.21,0,0,
서울,2016.8.22,0.4,0.4,
서울,2016.8.23,8,7,15:05
서울,2016.8.24,0,0,
서울,2016.8.25,4.5,3.5,19:14
서울,2016.8.26,20,6.5,2:56
서울,2016.8.27,0,0,
서울,2016.8.28,1.5,1.5,16:11
서울,2016.8.29,,,
서울,2016.8.30,0,0,
서울,2016.8.31,17.5,3,10:43
서울,2016.9.1,,,
서울,2016.9.2,4.5,4.5,2:05
서울,2016.9.3,0.5,0.5,0:25
서울,2016.9.4,,,
서울,2016.9.5,,,
서울,2016.9.6,,,
서울,2016.9.7,,,
서울,2016.9.8,4.5,3.5,11:54
서울,2016.9.9,,,
서울,2016.9.10,,,
서울,2016.9.11,,,
서울,2016.9.12,2.5,2.5,13:58
서울,2016.9.13,,,
서울,2016.9.14,,,
서울,2016.9.15,,,
서울,2016.9.16,,,
서울,2016.9.17,7,3.5,6:28
서울,2016.9.18,,,
서울,2016.9.19,,,
서울,2016.9.20,,,
서울,2016.9.21,,,
서울,2016.9.22,,,
서울,2016.9.23,,,
서울,2016.9.24,,,
서울,2016.9.25,,,
서울,2016.9.26,,,
서울,2016.9.27,13.5,4,13:41
서울,2016.9.28,0.5,0.5,0:01
서울,2016.9.29,,,
서울,2016.9.30,,,
서울,2016.10.1,,,
서울,2016.10.2,18.5,6.5,17:00
서울,2016.10.3,6.5,2,5:58
서울,2016.10.4,,,
서울,2016.10.5,,,
서울,2016.10.6,,,
서울,2016.10.7,2,1,22:58
서울,2016.10.8,6,2.5,0:06
서울,2016.10.9,,,
서울,2016.10.10,,,
서울,2016.10.11,,,
서울,2016.10.12,,,
서울,2016.10.13,,,
서울,2016.10.14,,,
서울,2016.10.15,,,
서울,2016.10.16,1.5,0.5,13:59
서울,2016.10.17,,,
서울,2016.10.18,,,
서울,2016.10.19,,,
서울,2016.10.20,,,
서울,2016.10.21,,,
서울,2016.10.22,,,
서울,2016.10.23,2.5,1.5,15:03
서울,2016.10.24,,,
서울,2016.10.25,37,10,7:15
서울,2016.10.26,0,0,
서울,2016.10.27,,,
서울,2016.10.28,0.3,0.2,
서울,2016.10.29,,,
서울,2016.10.30,,,
서울,2016.10.31,0.5,0.3,6:46
서울,2016.11.1,,,
서울,2016.11.2,0.1,,
서울,2016.11.3,0.2,,
서울,2016.11.4,0,,
서울,2016.11.5,0,,
서울,2016.11.6,,,
서울,2016.11.7,5.5,,
서울,2016.11.8,0.5,,
서울,2016.11.9,,,
서울,2016.11.10,0.4,,
서울,2016.11.11,4,,
서울,2016.11.12,,,
서울,2016.11.13,0.5,,
서울,2016.11.14,1.5,,
서울,2016.11.15,,,
서울,2016.11.16,,,
서울,2016.11.17,,,
서울,2016.11.18,0,,
서울,2016.11.19,0,,
서울,2016.11.20,,,
서울,2016.11.21,,,
서울,2016.11.22,0.2,,
서울,2016.11.23,,,
서울,2016.11.24,,,
서울,2016.11.25,,,
서울,2016.11.26,2.8,,
서울,2016.11.27,0,,
서울,2016.11.28,,,
서울,2016.11.29,,,
서울,2016.11.30,1,,
서울,2016.12.1,,,
서울,2016.12.2,,,
서울,2016.12.3,,,
서울,2016.12.4,,,
서울,2016.12.5,1.5,,
서울,2016.12.6,,,
서울,2016.12.7,0,,
서울,2016.12.8,3,,
서울,2016.12.9,3,,
서울,2016.12.10,,,
서울,2016.12.11,,,
서울,2016.12.12,,,
서울,2016.12.13,,,
서울,2016.12.14,0.1,,
서울,2016.12.15,,,
서울,2016.12.16,,,
서울,2016.12.17,0,,
서울,2016.12.18,,,
서울,2016.12.19,0.1,,
서울,2016.12.20,,,
서울,2016.12.21,29,,
서울,2016.12.22,23.5,,
서울,2016.12.23,0.1,,
서울,2016.12.24,,,
서울,2016.12.25,,,
서울,2016.12.26,0,,
서울,2016.12.27,0.5,,
서울,2016.12.28,,,
서울,2016.12.29,0.3,,
서울,2016.12.30,,,
서울,2016.12.31,0,,
서울,2017.1.1,,,
서울,2017.1.2,0.3,,
서울,2017.1.3,,,
서울,2017.1.4,,,
서울,2017.1.5,,,
서울,2017.1.6,,,
서울,2017.1.7,,,
서울,2017.1.8,0,,
서울,2017.1.9,0,,
서울,2017.1.10,,,
서울,2017.1.11,,,
서울,2017.1.12,0,,
서울,2017.1.13,0.6,,
서울,2017.1.14,,,
서울,2017.1.15,,,
서울,2017.1.16,,,
서울,2017.1.17,,,
서울,2017.1.18,0,,
서울,2017.1.19,,,
서울,2017.1.20,4,,
서울,2017.1.21,2.1,,
서울,2017.1.22,0,,
서울,2017.1.23,,,
서울,2017.1.24,,,
서울,2017.1.25,,,
서울,2017.1.26,0.3,,
서울,2017.1.27,3,,
서울,2017.1.28,,,
서울,2017.1.29,4.5,,
서울,2017.1.30,0.1,,
서울,2017.1.31,,,
서울,2017.2.1,,,
서울,2017.2.2,,,
서울,2017.2.3,,,
서울,2017.2.4,,,
서울,2017.2.5,0.5,,
서울,2017.2.6,,,
서울,2017.2.7,,,
서울,2017.2.8,,,
서울,2017.2.9,,,
서울,2017.2.10,,,
서울,2017.2.11,,,
서울,2017.2.12,,,
서울,2017.2.13,,,
서울,2017.2.14,,,
서울,2017.2.15,,,
서울,2017.2.16,0,,
서울,2017.2.17,4,,
서울,2017.2.18,,,
서울,2017.2.19,1,,
서울,2017.2.20,0.5,,
서울,2017.2.21,,,
서울,2017.2.22,5.1,,
서울,2017.2.23,,,
서울,2017.2.24,,,
서울,2017.2.25,,,
서울,2017.2.26,,,
서울,2017.2.27,,,
서울,2017.2.28,,,
서울,2017.3.1,5,,
서울,2017.3.2,0.5,,
서울,2017.3.3,,,
서울,2017.3.4,,,
서울,2017.3.5,0.5,,
서울,2017.3.6,,,
서울,2017.3.7,0,,
서울,2017.3.8,0,,
서울,2017.3.9,,,
서울,2017.3.10,,,
서울,2017.3.11,,,
서울,2017.3.12,0,,
서울,2017.3.13,,,
서울,2017.3.14,,,
서울,2017.3.15,,,
서울,2017.3.16,,,
서울,2017.3.17,,,
서울,2017.3.18,,,
서울,2017.3.19,,,
서울,2017.3.20,,,
서울,2017.3.21,,,
서울,2017.3.22,,,
서울,2017.3.23,,,
서울,2017.3.24,,,
서울,2017.3.25,,,
서울,2017.3.26,,,
서울,2017.3.27,0.4,,
서울,2017.3.28,,,
서울,2017.3.29,,,
서울,2017.3.30,,,
서울,2017.3.31,1.5,,
서울,2017.4.1,1,1,15:30
서울,2017.4.2,,,
서울,2017.4.3,,,
서울,2017.4.4,,,
서울,2017.4.5,37.5,8.5,22:31
서울,2017.4.6,3,2,0:01
서울,2017.4.7,,,
서울,2017.4.8,0.5,0.5,22:38
서울,2017.4.9,0.5,0.5,0:08
서울,2017.4.10,,,
서울,2017.4.11,,,
서울,2017.4.12,,,
서울,2017.4.13,0,0,
서울,2017.4.14,6,5.5,12:28
서울,2017.4.15,,,
서울,2017.4.16,,,
서울,2017.4.17,5.5,2.5,13:04
서울,2017.4.18,7.5,3,12:05
서울,2017.4.19,,,
서울,2017.4.20,0.1,0.1,
서울,2017.4.21,,,
서울,2017.4.22,,,
서울,2017.4.23,,,
서울,2017.4.24,,,
서울,2017.4.25,,,
서울,2017.4.26,,,
서울,2017.4.27,,,
서울,2017.4.28,,,
서울,2017.4.29,,,
서울,2017.4.30,,,
서울,2017.5.1,,,
서울,2017.5.2,,,
서울,2017.5.3,,,
서울,2017.5.4,,,
서울,2017.5.5,,,
서울,2017.5.6,,,
서울,2017.5.7,,,
서울,2017.5.8,,,
서울,2017.5.9,2.5,1.5,16:14
서울,2017.5.10,2.5,1,3:46
서울,2017.5.11,0,0,
서울,2017.5.12,,,
서울,2017.5.13,6,6,14:14
서울,2017.5.14,,,
서울,2017.5.15,0,0,
서울,2017.5.16,,,
서울,2017.5.17,,,
서울,2017.5.18,,,
서울,2017.5.19,,,
서울,2017.5.20,,,
서울,2017.5.21,,,
서울,2017.5.22,,,
서울,2017.5.23,5,4,18:37
서울,2017.5.24,0.1,0.1,
서울,2017.5.25,,,
서울,2017.5.26,,,
서울,2017.5.27,,,
서울,2017.5.28,,,
서울,2017.5.29,,,
서울,2017.5.30,,,
서울,2017.5.31,,,
서울,2017.6.1,,,
서울,2017.6.2,0,0,
서울,2017.6.3,,,
서울,2017.6.4,,,
서울,2017.6.5,0,0,
서울,2017.6.6,15.5,8.5,20:10
서울,2017.6.7,12.5,4,#VALUE!
서울,2017.6.8,,,
서울,2017.6.9,0.1,0.1,
서울,2017.6.10,4.5,4,5:13
서울,2017.6.11,,,
서울,2017.6.12,,,
서울,2017.6.13,0,0,
서울,2017.6.14,,,
서울,2017.6.15,,,
서울,2017.6.16,,,
서울,2017.6.17,,,
서울,2017.6.18,,,
서울,2017.6.19,,,
서울,2017.6.20,0,0,
서울,2017.6.21,0,0,
서울,2017.6.22,,,
서울,2017.6.23,,,
서울,2017.6.24,3.5,2.5,22:45
서울,2017.6.25,1.5,0.9,15:55
서울,2017.6.26,29,17,8:15
서울,2017.6.27,0,0,
서울,2017.6.28,,,
서울,2017.6.29,,,
서울,2017.6.30,,,
서울,2017.7.1,0.5,0.5,18:59
서울,2017.7.2,92,43,22:47
서울,2017.7.3,67.5,53,0:05
서울,2017.7.4,0.5,0.5,3:05
서울,2017.7.5,,,
서울,2017.7.6,34,25,17:50
서울,2017.7.7,16.5,9,19:00
서울,2017.7.8,4.5,1.5,5:35
서울,2017.7.9,32.5,8,2:10
서울,2017.7.10,144.5,32,19:35
서울,2017.7.11,1,1,0:01
서울,2017.7.12,0,0,
서울,2017.7.13,,,
서울,2017.7.14,0,0,
서울,2017.7.15,42.5,17.5,4:16
서울,2017.7.16,22.5,12.5,4:11
서울,2017.7.17,7.5,6.5,13:35
서울,2017.7.18,2.5,1,4:47
서울,2017.7.19,,,
서울,2017.7.20,,,
서울,2017.7.21,,,
서울,2017.7.22,0.5,0.4,5:41
서울,2017.7.23,133.5,48,10:41
서울,2017.7.24,3,2,12:04
서울,2017.7.25,,,
서울,2017.7.26,,,
서울,2017.7.27,3.5,3.5,23:09
서울,2017.7.28,8.5,2,4:28
서울,2017.7.29,0,0,
서울,2017.7.30,,,
서울,2017.7.31,3.5,2,8:56
서울,2017.8.1,2,1.5,1:35
서울,2017.8.2,,,
서울,2017.8.3,,,
서울,2017.8.4,,,
서울,2017.8.5,0,0,
서울,2017.8.6,5,5,10:25
서울,2017.8.7,,,
서울,2017.8.8,,,
서울,2017.8.9,2.5,2,22:48
서울,2017.8.10,5.5,1.5,0:27
서울,2017.8.11,0.5,0.5,6:50
서울,2017.8.12,,,
서울,2017.8.13,0,0,
서울,2017.8.14,1.5,1,18:20
서울,2017.8.15,93.5,35.5,10:22
서울,2017.8.16,2,1.5,21:45
서울,2017.8.17,0.5,0.5,
서울,2017.8.18,0,0,
서울,2017.8.19,0,0,
서울,2017.8.20,124.5,32.5,21:17
서울,2017.8.21,5,2.5,13:50
서울,2017.8.22,,,
서울,2017.8.23,31.5,16.5,8:49
서울,2017.8.24,14,6.5,12:55
서울,2017.8.25,,,
서울,2017.8.26,,,
서울,2017.8.27,0,0,
서울,2017.8.28,9,5.5,17:06
서울,2017.8.29,,,
서울,2017.8.30,,,
서울,2017.8.31,,,
서울,2017.9.1,,,
서울,2017.9.2,,,
서울,2017.9.3,,,
서울,2017.9.4,,,
서울,2017.9.5,0,0,
서울,2017.9.6,2,1,14:23
서울,2017.9.7,,,
서울,2017.9.8,,,
서울,2017.9.9,,,
서울,2017.9.10,0.5,0.4,22:49
서울,2017.9.11,24,9,1:53
서울,2017.9.12,,,
서울,2017.9.13,,,
서울,2017.9.14,,,
서울,2017.9.15,,,
서울,2017.9.16,,,
서울,2017.9.17,,,
서울,2017.9.18,,,
서울,2017.9.19,8,8,20:09
서울,2017.9.20,,,
서울,2017.9.21,,,
서울,2017.9.22,,,
서울,2017.9.23,0,0,
서울,2017.9.24,0,0,
서울,2017.9.25,,,
서울,2017.9.26,0,0,
서울,2017.9.27,0.5,0.5,1:53
서울,2017.9.28,,,
서울,2017.9.29,,,
서울,2017.9.30,,,
서울,2017.10.1,4,1.1,13:00
서울,2017.10.2,1.5,1,0:09
서울,2017.10.3,,,
서울,2017.10.4,,,
서울,2017.10.5,,,
서울,2017.10.6,0.5,0.5,22:32
서울,2017.10.7,0,0,
서울,2017.10.8,,,
서울,2017.10.9,0,0,
서울,2017.10.10,0.4,0.3,23:05
서울,2017.10.11,20,6,0:38
서울,2017.10.12,,,
서울,2017.10.13,,,
서울,2017.10.14,,,
서울,2017.10.15,,,
서울,2017.10.16,,,
서울,2017.10.17,,,
서울,2017.10.18,0.1,0.1,
서울,2017.10.19,,,
서울,2017.10.20,,,
서울,2017.10.21,,,
서울,2017.10.22,,,
서울,2017.10.23,,,
서울,2017.10.24,,,
서울,2017.10.25,,,
서울,2017.10.26,,,
서울,2017.10.27,,,
서울,2017.10.28,,,
서울,2017.10.29,,,
서울,2017.10.30,,,
서울,2017.10.31,,,
서울,2017.11.1,,,
서울,2017.11.2,1,,
서울,2017.11.3,1.5,,
서울,2017.11.4,,,
서울,2017.11.5,,,
서울,2017.11.6,,,
서울,2017.11.7,0,,
서울,2017.11.8,0,,
서울,2017.11.9,,,
서울,2017.11.10,7.5,,
서울,2017.11.11,,,
서울,2017.11.12,,,
서울,2017.11.13,4.5,,
서울,2017.11.14,,,
서울,2017.11.15,,,
서울,2017.11.16,,,
서울,2017.11.17,0,,
서울,2017.11.18,,,
서울,2017.11.19,,,
서울,2017.11.20,0,,
서울,2017.11.21,,,
서울,2017.11.22,0.5,,
서울,2017.11.23,1.2,,
서울,2017.11.24,0,,
서울,2017.11.25,24,,
서울,2017.11.26,,,
서울,2017.11.27,,,
서울,2017.11.28,0.5,,
서울,2017.11.29,0,,
서울,2017.11.30,,,
서울,2017.12.1,0,,
서울,2017.12.2,,,
서울,2017.12.3,4,,
서울,2017.12.4,0.1,,
서울,2017.12.5,0.1,,
서울,2017.12.6,1.2,,
서울,2017.12.7,,,
서울,2017.12.8,,,
서울,2017.12.9,,,
서울,2017.12.10,4.1,,
서울,2017.12.11,,,
서울,2017.12.12,,,
서울,2017.12.13,,,
서울,2017.12.14,,,
서울,2017.12.15,0,,
서울,2017.12.16,,,
서울,2017.12.17,,,
서울,2017.12.18,3.4,,
서울,2017.12.19,,,
서울,2017.12.20,0.2,,
서울,2017.12.21,,,
서울,2017.12.22,,,
서울,2017.12.23,,,
서울,2017.12.24,20,,
서울,2017.12.25,,,
서울,2017.12.26,,,
서울,2017.12.27,,,
서울,2017.12.28,0,,
서울,2017.12.29,0,,
서울,2017.12.30,0.7,,
서울,2017.12.31,1,,
서울,2018.1.1,,,
서울,2018.1.2,,,
서울,2018.1.3,,,
서울,2018.1.4,,,
서울,2018.1.5,,,
서울,2018.1.6,,,
서울,2018.1.7,,,
서울,2018.1.8,0.9,,
서울,2018.1.9,0.5,,
서울,2018.1.10,0.3,,
서울,2018.1.11,,,
서울,2018.1.12,0,,
서울,2018.1.13,0.4,,
서울,2018.1.14,,,
서울,2018.1.15,0.2,,
서울,2018.1.16,0,,
서울,2018.1.17,,,
서울,2018.1.18,0,,
서울,2018.1.19,,,
서울,2018.1.20,,,
서울,2018.1.21,,,
서울,2018.1.22,3.3,,
서울,2018.1.23,,,
서울,2018.1.24,,,
서울,2018.1.25,,,
서울,2018.1.26,,,
서울,2018.1.27,,,
서울,2018.1.28,,,
서울,2018.1.29,,,
서울,2018.1.30,2.9,,
서울,2018.1.31,0,,
서울,2018.2.1,,,
서울,2018.2.2,,,
서울,2018.2.3,0.5,,
서울,2018.2.4,,,
서울,2018.2.5,,,
서울,2018.2.6,,,
서울,2018.2.7,,,
서울,2018.2.8,,,
서울,2018.2.9,,,
서울,2018.2.10,,,
서울,2018.2.11,0,,
서울,2018.2.12,0,,
서울,2018.2.13,,,
서울,2018.2.14,,,
서울,2018.2.15,,,
서울,2018.2.16,,,
서울,2018.2.17,,,
서울,2018.2.18,,,
서울,2018.2.19,,,
서울,2018.2.20,,,
서울,2018.2.21,,,
서울,2018.2.22,0.4,,
서울,2018.2.23,3.7,,
서울,2018.2.24,,,
서울,2018.2.25,,,
서울,2018.2.26,,,
서울,2018.2.27,,,
서울,2018.2.28,25,,
서울,2018.3.1,0.5,,
서울,2018.3.2,,,
서울,2018.3.3,0,,
서울,2018.3.4,11.5,,
서울,2018.3.5,3.5,,
서울,2018.3.6,,,
서울,2018.3.7,0.5,,
서울,2018.3.8,4,,
서울,2018.3.9,,,
서울,2018.3.10,,,
서울,2018.3.11,,,
서울,2018.3.12,,,
서울,2018.3.13,,,
서울,2018.3.14,,,
서울,2018.3.15,27,,
서울,2018.3.16,,,
서울,2018.3.17,,,
서울,2018.3.18,0.5,,
서울,2018.3.19,1,,
서울,2018.3.20,,,
서울,2018.3.21,1,,
서울,2018.3.22,,,
서울,2018.3.23,,,
서울,2018.3.24,,,
서울,2018.3.25,,,
서울,2018.3.26,,,
서울,2018.3.27,,,
서울,2018.3.28,,,
서울,2018.3.29,,,
서울,2018.3.30,,,
서울,2018.3.31,,,
서울,2018.4.1,,,
서울,2018.4.2,,,
서울,2018.4.3,0.1,0.1,
서울,2018.4.4,18.5,8,1:48
서울,2018.4.5,10.5,3,6:36
서울,2018.4.6,6.5,2.5,1:40
서울,2018.4.7,0.2,0.2,
서울,2018.4.8,3,2.5,17:11
서울,2018.4.9,,,
서울,2018.4.10,5,4.5,21:26
서울,2018.4.11,,,
서울,2018.4.12,,,
서울,2018.4.13,,,
서울,2018.4.14,9,2.5,5:52
서울,2018.4.15,,,
서울,2018.4.16,,,
서울,2018.4.17,,,
서울,2018.4.18,,,
서울,2018.4.19,,,
서울,2018.4.20,,,
서울,2018.4.21,,,
서울,2018.4.22,15.5,4.5,20:55
서울,2018.4.23,59,8.5,8:02
서울,2018.4.24,3,2.9,2:02
서울,2018.4.25,,,
서울,2018.4.26,,,
서울,2018.4.27,,,
서울,2018.4.28,,,
서울,2018.4.29,,,
서울,2018.4.30,,,
서울,2018.5.1,0,0,
서울,2018.5.2,12,6.5,11:26
서울,2018.5.3,1,0.9,13:22
서울,2018.5.4,,,
서울,2018.5.5,,,
서울,2018.5.6,22,4,9:54
서울,2018.5.7,,,
서울,2018.5.8,,,
서울,2018.5.9,,,
서울,2018.5.10,,,
서울,2018.5.11,,,
서울,2018.5.12,32,4,9:12
서울,2018.5.13,0.5,0.2,
서울,2018.5.14,,,
서울,2018.5.15,0,0,
서울,2018.5.16,45,35,11:54
서울,2018.5.17,83,19.5,2:48
서울,2018.5.18,6.5,2,1:26
서울,2018.5.19,,,
서울,2018.5.20,,,
서울,2018.5.21,,,
서울,2018.5.22,12.5,4,22:49
서울,2018.5.23,6.5,3.5,0:39
서울,2018.5.24,,,
서울,2018.5.25,,,
서울,2018.5.26,,,
서울,2018.5.27,,,
서울,2018.5.28,,,
서울,2018.5.29,1,1,18:55
서울,2018.5.30,0,0,
서울,2018.5.31,,,
서울,2018.6.1,,,
서울,2018.6.2,,,
서울,2018.6.3,,,
서울,2018.6.4,,,
서울,2018.6.5,,,
서울,2018.6.6,,,
서울,2018.6.7,,,
서울,2018.6.8,,,
서울,2018.6.9,0.5,0.5,19:19
서울,2018.6.10,0.5,0.5,#VALUE!
서울,2018.6.11,5,4.5,22:20
서울,2018.6.12,0,0,
서울,2018.6.13,0,0,
서울,2018.6.14,29,19.5,6:28
서울,2018.6.15,16.5,11.5,2:44
서울,2018.6.16,,,
서울,2018.6.17,,,
서울,2018.6.18,,,
서울,2018.6.19,,,
서울,2018.6.20,,,
서울,2018.6.21,,,
서울,2018.6.22,,,
서울,2018.6.23,,,
서울,2018.6.24,,,
서울,2018.6.25,,,
서울,2018.6.26,71.5,18.5,9:49
서울,2018.6.27,1,0.5,0:46
서울,2018.6.28,26.5,22.5,17:00
서울,2018.6.29,6.5,4.5,4:53
서울,2018.6.30,14.5,9.9,11:25
서울,2018.7.1,83.5,20.5,10:16
서울,2018.7.2,59.5,25,18:44
서울,2018.7.3,0.1,0.1,
서울,2018.7.4,,,
서울,2018.7.5,0.5,0.5,5:45
서울,2018.7.6,,,
서울,2018.7.7,,,
서울,2018.7.8,,,
서울,2018.7.9,14,9.5,23:30
서울,2018.7.10,16.5,9.5,0:43
서울,2018.7.11,3,1,4:09
서울,2018.7.12,1,0.5,3:43
서울,2018.7.13,,,
서울,2018.7.14,0,0,
서울,2018.7.15,,,
서울,2018.7.16,,,
서울,2018.7.17,,,
서울,2018.7.18,,,
서울,2018.7.19,,,
서울,2018.7.20,,,
서울,2018.7.21,,,
서울,2018.7.22,,,
서울,2018.7.23,,,
서울,2018.7.24,,,
서울,2018.7.25,,,
서울,2018.7.26,,,
서울,2018.7.27,,,
서울,2018.7.28,7.5,7.5,13:55
서울,2018.7.29,,,
서울,2018.7.30,,,
서울,2018.7.31,,,
서울,2018.8.1,,,
서울,2018.8.2,,,
서울,2018.8.3,,,
서울,2018.8.4,,,
서울,2018.8.5,2,2,6:43
서울,2018.8.6,6.5,4.5,7:26
서울,2018.8.7,,,
서울,2018.8.8,,,
서울,2018.8.9,2,1.5,16:17
서울,2018.8.10,,,
서울,2018.8.11,,,
서울,2018.8.12,5,5,18:23
서울,2018.8.13,1,1,#VALUE!
서울,2018.8.14,,,
서울,2018.8.15,1,1,17:45
서울,2018.8.16,,,
서울,2018.8.17,,,
서울,2018.8.18,,,
서울,2018.8.19,,,
서울,2018.8.20,0,0,
서울,2018.8.21,5,3,5:35
서울,2018.8.22,,,
서울,2018.8.23,3,1.6,20:26
서울,2018.8.24,7.5,1.5,1:48
서울,2018.8.25,,,
서울,2018.8.26,2,1.3,21:15
서울,2018.8.27,19.5,4,2:34
서울,2018.8.28,96.5,43.5,19:40
서울,2018.8.29,42,21.5,19:03
서울,2018.8.30,9.5,7.5,1:37
서울,2018.8.31,0.1,0.1,
서울,2018.9.1,,,
서울,2018.9.2,,,
서울,2018.9.3,34.5,20,16:26
서울,2018.9.4,,,
서울,2018.9.5,,,
서울,2018.9.6,1,1,23:05
서울,2018.9.7,0.5,0.5,1:05
서울,2018.9.8,,,
서울,2018.9.9,,,
서울,2018.9.10,,,
서울,2018.9.11,,,
서울,2018.9.12,,,
서울,2018.9.13,,,
서울,2018.9.14,0.5,0.5,21:50
서울,2018.9.15,0.2,0.1,
서울,2018.9.16,2,1,15:36
서울,2018.9.17,0.1,0.1,
서울,2018.9.18,,,
서울,2018.9.19,0.2,0.1,
서울,2018.9.20,5,2,5:45
서울,2018.9.21,18,6.5,6:13
서울,2018.9.22,6.5,6.5,3:55
서울,2018.9.23,0,0,
서울,2018.9.24,,,
서울,2018.9.25,,,
서울,2018.9.26,,,
서울,2018.9.27,,,
서울,2018.9.28,,,
서울,2018.9.29,,,
서울,2018.9.30,,,
서울,2018.10.1,0,0,
서울,2018.10.2,,,
서울,2018.10.3,,,
서울,2018.10.4,,,
서울,2018.10.5,36.5,8,14:34
서울,2018.10.6,55.5,10.5,6:25
서울,2018.10.7,,,
서울,2018.10.8,,,
서울,2018.10.9,0,0,
서울,2018.10.10,7,5.5,1:11
서울,2018.10.11,,,
서울,2018.10.12,,,
서울,2018.10.13,,,
서울,2018.10.14,,,
서울,2018.10.15,,,
서울,2018.10.16,,,
서울,2018.10.17,,,
서울,2018.10.18,,,
서울,2018.10.19,,,
서울,2018.10.20,,,
서울,2018.10.21,,,
서울,2018.10.22,,,
서울,2018.10.23,5,5,10:55
서울,2018.10.24,,,
서울,2018.10.25,,,
서울,2018.10.26,11,6,13:04
서울,2018.10.27,,,
서울,2018.10.28,5.5,2.5,7:26
서울,2018.10.29,0,0,
서울,2018.10.30,0,,
서울,2018.10.31,0,0,
서울,2018.11.1,,,
서울,2018.11.2,,,
서울,2018.11.3,,,
서울,2018.11.4,,,
서울,2018.11.5,,,
서울,2018.11.6,,,
서울,2018.11.7,2,,
서울,2018.11.8,64,,
서울,2018.11.9,1,,
서울,2018.11.10,0,,
서울,2018.11.11,0,,
서울,2018.11.12,,,
서울,2018.11.13,,,
서울,2018.11.14,,,
서울,2018.11.15,,,
서울,2018.11.16,,,
서울,2018.11.17,,,
서울,2018.11.18,,,
서울,2018.11.19,,,
서울,2018.11.20,0.2,,
서울,2018.11.21,1,,
서울,2018.11.22,,,
서울,2018.11.23,,,
서울,2018.11.24,10.9,,
서울,2018.11.25,,,
서울,2018.11.26,,,
서울,2018.11.27,,,
서울,2018.11.28,,,
서울,2018.11.29,0,,
서울,2018.11.30,,,
서울,2018.12.1,,,
서울,2018.12.2,,,
서울,2018.12.3,9.5,,
서울,2018.12.4,5,,
서울,2018.12.5,,,
서울,2018.12.6,0,,
서울,2018.12.7,,,
서울,2018.12.8,,,
서울,2018.12.9,,,
서울,2018.12.10,,,
서울,2018.12.11,,,
서울,2018.12.12,,,
서울,2018.12.13,1.3,,
서울,2018.12.14,,,
서울,2018.12.15,,,
서울,2018.12.16,0.3,,
서울,2018.12.17,0.3,,
서울,2018.12.18,,,
서울,2018.12.19,,,
서울,2018.12.20,,,
서울,2018.12.21,,,
서울,2018.12.22,,,
서울,2018.12.23,,,
서울,2018.12.24,,,
서울,2018.12.25,,,
서울,2018.12.26,,,
서울,2018.12.27,,,
서울,2018.12.28,,,
서울,2018.12.29,,,
서울,2018.12.30,,,
서울,2018.12.31,,,
서울,2019.1.1,,,
서울,2019.1.2,,,
서울,2019.1.3,,,
서울,2019.1.4,,,
서울,2019.1.5,,,
서울,2019.1.6,,,
서울,2019.1.7,,,
서울,2019.1.8,,,
서울,2019.1.9,,,
서울,2019.1.10,,,
서울,2019.1.11,,,
서울,2019.1.12,,,
서울,2019.1.13,,,
서울,2019.1.14,,,
서울,2019.1.15,0,,
서울,2019.1.16,0,,
서울,2019.1.17,0,,
서울,2019.1.18,,,
서울,2019.1.19,,,
서울,2019.1.20,,,
서울,2019.1.21,0,,
서울,2019.1.22,,,
서울,2019.1.23,,,
서울,2019.1.24,,,
서울,2019.1.25,,,
서울,2019.1.26,,,
서울,2019.1.27,,,
서울,2019.1.28,0,,
서울,2019.1.29,,,
서울,2019.1.30,,,
서울,2019.1.31,,,
서울,2019.2.1,0.3,,
서울,2019.2.2,0,,
서울,2019.2.3,16,,
서울,2019.2.4,,,
서울,2019.2.5,,,
서울,2019.2.6,,,
서울,2019.2.7,0.5,,
서울,2019.2.8,,,
서울,2019.2.9,,,
서울,2019.2.10,,,
서울,2019.2.11,,,
서울,2019.2.12,0,,
서울,2019.2.13,,,
서울,2019.2.14,,,
서울,2019.2.15,2.2,,
서울,2019.2.16,0.2,,
서울,2019.2.17,,,
서울,2019.2.18,,,
서울,2019.2.19,4.6,,
서울,2019.2.20,0,,
서울,2019.2.21,,,
서울,2019.2.22,,,
서울,2019.2.23,,,
서울,2019.2.24,,,
서울,2019.2.25,,,
서울,2019.2.26,,,
서울,2019.2.27,,,
서울,2019.2.28,,,
서울,2019.3.1,,,
서울,2019.3.2,,,
서울,2019.3.3,,,
서울,2019.3.4,,,
서울,2019.3.5,,,
서울,2019.3.6,,,
서울,2019.3.7,,,
서울,2019.3.8,,,
서울,2019.3.9,,,
서울,2019.3.10,,,
서울,2019.3.11,0,,
서울,2019.3.12,0,,
서울,2019.3.13,0,,
서울,2019.3.14,0,,
서울,2019.3.15,3.5,,
서울,2019.3.16,,,
서울,2019.3.17,,,
서울,2019.3.18,,,
서울,2019.3.19,,,
서울,2019.3.20,16.5,,
서울,2019.3.21,3.3,,
서울,2019.3.22,,,
서울,2019.3.23,1.7,,
서울,2019.3.24,,,
서울,2019.3.25,,,
서울,2019.3.26,,,
서울,2019.3.27,,,
서울,2019.3.28,,,
서울,2019.3.29,,,
서울,2019.3.30,1.8,,
서울,2019.3.31,0,,
서울,2019.4.1,,,
서울,2019.4.2,,,
서울,2019.4.3,,,
서울,2019.4.4,,,
서울,2019.4.5,0,0,
서울,2019.4.6,0.8,0.6,15:30
서울,2019.4.7,,,
서울,2019.4.8,,,
서울,2019.4.9,17.4,3.8,17:35
서울,2019.4.10,5.6,1.9,#VALUE!
서울,2019.4.11,,,
서울,2019.4.12,,,
서울,2019.4.13,,,
서울,2019.4.14,1.7,1.3,9:45
서울,2019.4.15,,,
서울,2019.4.16,,,
서울,2019.4.17,,,
서울,2019.4.18,0,0,
서울,2019.4.19,,,
서울,2019.4.20,1.2,0.7,22:43
서울,2019.4.21,0.3,0.2,
서울,2019.4.22,,,
서울,2019.4.23,0,0,
서울,2019.4.24,4.1,1.9,2:11
서울,2019.4.25,11.3,2.7,20:45
서울,2019.4.26,4.9,1.9,3:10
서울,2019.4.27,,,
서울,2019.4.28,0,0,
서울,2019.4.29,,,
서울,2019.4.30,,,
서울,2019.5.1,,,
서울,2019.5.2,,,
서울,2019.5.3,,,
서울,2019.5.4,,,
서울,2019.5.5,,,
서울,2019.5.6,0,0,
서울,2019.5.7,,,
서울,2019.5.8,,,
서울,2019.5.9,,,
서울,2019.5.10,,,
서울,2019.5.11,,,
서울,2019.5.12,,,
서울,2019.5.13,0,0,
서울,2019.5.14,,,
서울,2019.5.15,,,
서울,2019.5.16,,,
서울,2019.5.17,,,
서울,2019.5.18,0,0,
서울,2019.5.19,22,4.2,16:56
서울,2019.5.20,8.7,6.1,1:40
서울,2019.5.21,,,
서울,2019.5.22,,,
서울,2019.5.23,,,
서울,2019.5.24,,,
서울,2019.5.25,,,
서울,2019.5.26,,,
서울,2019.5.27,7.1,1.7,7:51
서울,2019.5.28,,,
서울,2019.5.29,,,
서울,2019.5.30,0,0,
서울,2019.5.31,,,
서울,2019.6.1,,,
서울,2019.6.2,,,
서울,2019.6.3,,,
서울,2019.6.4,,,
서울,2019.6.5,,,
서울,2019.6.6,7.5,3.4,19:28
서울,2019.6.7,35.3,12.1,2:34
서울,2019.6.8,,,
서울,2019.6.9,2.5,1.6,20:55
서울,2019.6.10,9.5,3.5,1:06
서울,2019.6.11,,,
서울,2019.6.12,,,
서울,2019.6.13,,,
서울,2019.6.14,,,
서울,2019.6.15,2.1,2.1,18:15
서울,2019.6.16,,,
서울,2019.6.17,0,0,
서울,2019.6.18,13.8,7.8,5:59
서울,2019.6.19,0.2,0.2,
서울,2019.6.20,,,
서울,2019.6.21,0.2,0.2,
서울,2019.6.22,,,
서울,2019.6.23,,,
서울,2019.6.24,,,
서울,2019.6.25,,,
서울,2019.6.26,0,0,
서울,2019.6.27,1.4,1.3,0:33
서울,2019.6.28,0,0,
서울,2019.6.29,1.5,0.5,3:41
서울,2019.6.30,0,0,
서울,2019.7.1,,,
서울,2019.7.2,,,
서울,2019.7.3,,,
서울,2019.7.4,,,
서울,2019.7.5,0,0,
서울,2019.7.6,,,
서울,2019.7.7,,,
서울,2019.7.8,,,
서울,2019.7.9,,,
서울,2019.7.10,8.5,2.7,20:19
서울,2019.7.11,2.9,1.6,5:34
서울,2019.7.12,,,
서울,2019.7.13,0,0,
서울,2019.7.14,,,
서울,2019.7.15,7.7,4.3,16:14
서울,2019.7.16,6.3,4.4,1:30
서울,2019.7.17,0.7,0.7,11:25
서울,2019.7.18,,,
서울,2019.7.19,0,0,
서울,2019.7.20,1.1,0.8,7:56
서울,2019.7.21,6.2,1.6,13:10
서울,2019.7.22,0.1,0.1,
서울,2019.7.23,,,
서울,2019.7.24,1,0.6,7:47
서울,2019.7.25,9.7,5.1,17:31
서울,2019.7.26,60,20.7,8:29
서울,2019.7.27,0.6,0.6,3:49
서울,2019.7.28,25.6,11.3,8:04
서울,2019.7.29,0.5,0.5,0:25
서울,2019.7.30,1.2,0.8,16:20
서울,2019.7.31,62.3,26.3,7:24
서울,2019.8.1,26.9,11.3,1:15
서울,2019.8.2,,,
서울,2019.8.3,3,3,15:40
서울,2019.8.4,8.6,8.3,16:50
서울,2019.8.5,,,
서울,2019.8.6,,,
서울,2019.8.7,8,2.3,6:40
서울,2019.8.8,0,0,
서울,2019.8.9,,,
서울,2019.8.10,,,
서울,2019.8.11,6.7,5.7,23:13
서울,2019.8.12,56.2,12.3,0:01
서울,2019.8.13,6.4,6.4,
서울,2019.8.14,,,
서울,2019.8.15,16.2,8.1,12:37
서울,2019.8.16,0.1,0.1,
서울,2019.8.17,0,0,
서울,2019.8.18,,,
서울,2019.8.19,,,
서울,2019.8.20,,,
서울,2019.8.21,1.3,0.5,17:50
서울,2019.8.22,,,
서울,2019.8.23,,,
서울,2019.8.24,,,
서울,2019.8.25,,,
서울,2019.8.26,,,
서울,2019.8.27,20,16.7,4:16
서울,2019.8.28,,,
서울,2019.8.29,36.9,29.4,10:27
서울,2019.8.30,0.2,0.2,
서울,2019.8.31,,,
서울,2019.9.1,,,
서울,2019.9.2,,,
서울,2019.9.3,0,0,
서울,2019.9.4,22.7,6.8,18:01
서울,2019.9.5,36.4,18.4,13:45
서울,2019.9.6,2.4,2.1,20:51
서울,2019.9.7,2.8,0.6,14:58
서울,2019.9.8,0,0,
서울,2019.9.9,0,0,
서울,2019.9.10,63.2,11,4:43
서울,2019.9.11,7.6,2.6,0:14
서울,2019.9.12,3.9,1.4,17:40
서울,2019.9.13,0.1,0.1,
서울,2019.9.14,0.3,0.3,13:58
서울,2019.9.15,,,
서울,2019.9.16,,,
서울,2019.9.17,,,
서울,2019.9.18,,,
서울,2019.9.19,,,
서울,2019.9.20,,,
서울,2019.9.21,,,
서울,2019.9.22,0.4,0.2,
서울,2019.9.23,,,
서울,2019.9.24,,,
서울,2019.9.25,,,
서울,2019.9.26,,,
서울,2019.9.27,,,
서울,2019.9.28,,,
서울,2019.9.29,,,
서울,2019.9.30,,,
서울,2019.10.1,,,
서울,2019.10.2,23.1,4.6,3:30
서울,2019.10.3,4.6,2,0:11
서울,2019.10.4,,,
서울,2019.10.5,0.6,0.5,7:02
서울,2019.10.6,,,
서울,2019.10.7,25.4,5.6,8:53
서울,2019.10.8,,,
서울,2019.10.9,,,
서울,2019.10.10,,,
서울,2019.10.11,,,
서울,2019.10.12,,,
서울,2019.10.13,,,
서울,2019.10.14,,,
서울,2019.10.15,,,
서울,2019.10.16,,,
서울,2019.10.17,,,
서울,2019.10.18,,,
서울,2019.10.19,,,
서울,2019.10.20,,,
서울,2019.10.21,,,
서울,2019.10.22,,,
서울,2019.10.23,,,
서울,2019.10.24,,,
서울,2019.10.25,0,0,
서울,2019.10.26,,,
서울,2019.10.27,,,
서울,2019.10.28,1.7,1.1,20:44
서울,2019.10.29,0.1,0.3,#VALUE!
서울,2019.10.30,,,
서울,2019.10.31,,,
서울,2019.11.1,,,
서울,2019.11.2,,,
서울,2019.11.3,,,
서울,2019.11.4,,,
서울,2019.11.5,,,
서울,2019.11.6,,,
서울,2019.11.7,,,
서울,2019.11.8,,,
서울,2019.11.9,,,
서울,2019.11.10,11.8,,
서울,2019.11.11,1.1,,
서울,2019.11.12,,,
서울,2019.11.13,7.5,,
서울,2019.11.14,,,
서울,2019.11.15,18.8,,
서울,2019.11.16,,,
서울,2019.11.17,21.1,,
서울,2019.11.18,14.7,,
서울,2019.11.19,0,,
서울,2019.11.20,,,
서울,2019.11.21,,,
서울,2019.11.22,,,
서울,2019.11.23,,,
서울,2019.11.24,3.8,,
서울,2019.11.25,,,
서울,2019.11.26,,,
서울,2019.11.27,,,
서울,2019.11.28,,,
서울,2019.11.29,,,
서울,2019.11.30,,,
서울,2019.12.1,3.3,,
서울,2019.12.2,,,
서울,2019.12.3,0.6,,
서울,2019.12.4,0,,
서울,2019.12.5,,,
서울,2019.12.6,,,
서울,2019.12.7,0.1,,
서울,2019.12.8,,,
서울,2019.12.9,0,,
서울,2019.12.10,1.7,,
서울,2019.12.11,0.2,,
서울,2019.12.12,,,
서울,2019.12.13,1,,
서울,2019.12.14,0,,
서울,2019.12.15,,,
서울,2019.12.16,,,
서울,2019.12.17,9.8,,
서울,2019.12.18,,,
서울,2019.12.19,0,,
서울,2019.12.20,0,,
서울,2019.12.21,0.6,,
서울,2019.12.22,0.3,,
서울,2019.12.23,2.9,,
서울,2019.12.24,,,
서울,2019.12.25,,,
서울,2019.12.26,0.3,,
서울,2019.12.27,,,
서울,2019.12.28,,,
서울,2019.12.29,1.4,,
서울,2019.12.30,0.4,,
서울,2019.12.31,0,,
서울,2020.1.1,0.1,,
서울,2020.1.2,,,
서울,2020.1.3,,,
서울,2020.1.4,,,
서울,2020.1.5,,,
서울,2020.1.6,1.8,,
서울,2020.1.7,46.3,,
서울,2020.1.8,11.6,,
서울,2020.1.9,,,
서울,2020.1.10,,,
서울,2020.1.11,,,
서울,2020.1.12,,,
서울,2020.1.13,,,
서울,2020.1.14,,,
서울,2020.1.15,,,
서울,2020.1.16,,,
서울,2020.1.17,,,
서울,2020.1.18,,,
서울,2020.1.19,0.6,,
서울,2020.1.20,,,
서울,2020.1.21,,,
서울,2020.1.22,,,
서울,2020.1.23,,,
서울,2020.1.24,,,
서울,2020.1.25,,,
서울,2020.1.26,,,
서울,2020.1.27,0.1,,
서울,2020.1.28,0,,
서울,2020.1.29,,,
서울,2020.1.30,,,
서울,2020.1.31,0,,
서울,2020.2.1,,,
서울,2020.2.2,,,
서울,2020.2.3,0,,
서울,2020.2.4,1.7,,
서울,2020.2.5,,,
서울,2020.2.6,,,
서울,2020.2.7,0,,
서울,2020.2.8,0,,
서울,2020.2.9,0,,
서울,2020.2.10,0,,
서울,2020.2.11,,,
서울,2020.2.12,6.7,,
서울,2020.2.13,,,
서울,2020.2.14,,,
서울,2020.2.15,2,,
서울,2020.2.16,13.4,,
서울,2020.2.17,1,,
서울,2020.2.18,,,
서울,2020.2.19,,,
서울,2020.2.20,,,
서울,2020.2.21,4.2,,
서울,2020.2.22,3.1,,
서울,2020.2.23,,,
서울,2020.2.24,,,
서울,2020.2.25,16.6,,
서울,2020.2.26,0,,
서울,2020.2.27,,,
서울,2020.2.28,3.9,,
서울,2020.2.29,0.5,,
서울,2020.3.1,0.2,,
서울,2020.3.2,0,,
서울,2020.3.3,,,
서울,2020.3.4,0,,
서울,2020.3.5,,,
서울,2020.3.6,,,
서울,2020.3.7,,,
서울,2020.3.8,,,
서울,2020.3.9,,,
서울,2020.3.10,11.8,,
서울,2020.3.11,,,
서울,2020.3.12,,,
서울,2020.3.13,0.5,,
서울,2020.3.14,,,
서울,2020.3.15,,,
서울,2020.3.16,,,
서울,2020.3.17,,,
서울,2020.3.18,,,
서울,2020.3.19,0,,
서울,2020.3.20,,,
서울,2020.3.21,,,
서울,2020.3.22,,,
서울,2020.3.23,,,
서울,2020.3.24,,,
서울,2020.3.25,,,
서울,2020.3.26,1.8,,
서울,2020.3.27,2,,
서울,2020.3.28,,,
서울,2020.3.29,,,
서울,2020.3.30,,,
서울,2020.3.31,,,
서울,2020.4.1,,,
서울,2020.4.2,,,
서울,2020.4.3,,,
서울,2020.4.4,,,
서울,2020.4.5,,,
서울,2020.4.6,,,
서울,2020.4.7,,,
서울,2020.4.8,,,
서울,2020.4.9,,,
서울,2020.4.10,,,
서울,2020.4.11,,,
서울,2020.4.12,,,
서울,2020.4.13,,,
서울,2020.4.14,,,
서울,2020.4.15,,,
서울,2020.4.16,,,
서울,2020.4.17,6.5,3.9,12:38
서울,2020.4.18,,,
서울,2020.4.19,10.3,2.9,17:12
서울,2020.4.20,0.1,0.1,
서울,2020.4.21,,,
서울,2020.4.22,0,0,
서울,2020.4.23,,,
서울,2020.4.24,,,
서울,2020.4.25,,,
서울,2020.4.26,,,
서울,2020.4.27,,,
서울,2020.4.28,,,
서울,2020.4.29,,,
서울,2020.4.30,,,
서울,2020.5.1,,,
서울,2020.5.2,0,0,
서울,2020.5.3,0,0,
서울,2020.5.4,,,
서울,2020.5.5,,,
서울,2020.5.6,,,
서울,2020.5.7,,,
서울,2020.5.8,2.3,1.6,22:03
서울,2020.5.9,24.4,4.7,9:48
서울,2020.5.10,1.3,0.7,2:30
서울,2020.5.11,3.4,3.8,23:23
서울,2020.5.12,0.7,0.7,0:01
서울,2020.5.13,,,
서울,2020.5.14,,,
서울,2020.5.15,12,2.1,8:38
서울,2020.5.16,2.5,0.5,5:56
서울,2020.5.17,0,0,
서울,2020.5.18,29.8,19.8,15:53
서울,2020.5.19,19,9.6,9:49
서울,2020.5.20,0,0,
서울,2020.5.21,,,
서울,2020.5.22,0,0,
서울,2020.5.23,0,0,
서울,2020.5.24,14.5,9.9,5:44
서울,2020.5.25,,,
서울,2020.5.26,1.5,1.5,19:55
서울,2020.5.27,,,
서울,2020.5.28,0,0,
서울,2020.5.29,,,
서울,2020.5.30,,,
서울,2020.5.31,1,1,22:45
서울,2020.6.1,0.4,0.3,#VALUE!
서울,2020.6.2,2,1.9,10:55
서울,2020.6.3,,,
서울,2020.6.4,0.2,0.1,
서울,2020.6.5,,,
서울,2020.6.6,,,
서울,2020.6.7,,,
서울,2020.6.8,,,
서울,2020.6.9,,,
서울,2020.6.10,6.2,2.9,20:19
서울,2020.6.11,0,0.1,
서울,2020.6.12,,,
서울,2020.6.13,0,0,
서울,2020.6.14,1.1,1.1,2:31
서울,2020.6.15,,,
서울,2020.6.16,,,
서울,2020.6.17,,,
서울,2020.6.18,,,
서울,2020.6.19,0.1,0.1,
서울,2020.6.20,,,
서울,2020.6.21,,,
서울,2020.6.22,,,
서울,2020.6.23,0,0,
서울,2020.6.24,37.6,8.5,11:05
서울,2020.6.25,13.3,3.5,1:20
서울,2020.6.26,2.1,0.9,#VALUE!
서울,2020.6.27,0,0,
서울,2020.6.28,,,
서울,2020.6.29,11.9,9.6,23:31
서울,2020.6.30,64.7,15.9,3:30
서울,2020.7.1,0,0,
서울,2020.7.2,,,
서울,2020.7.3,0.1,0.5,23:30
서울,2020.7.4,1.6,0.9,0:36
서울,2020.7.5,,,
서울,2020.7.6,,,
서울,2020.7.7,0,0,
서울,2020.7.8,,,
서울,2020.7.9,,,
서울,2020.7.10,2.2,1.9,8:00
서울,2020.7.11,,,
서울,2020.7.12,2.9,0.9,16:44
서울,2020.7.13,47.6,6.2,22:15
서울,2020.7.14,11.5,5.9,#VALUE!
서울,2020.7.15,,,
서울,2020.7.16,,,
서울,2020.7.17,0,0,
서울,2020.7.18,,,
서울,2020.7.19,29.1,19.3,8:20
서울,2020.7.20,3.6,1.3,2:31
서울,2020.7.21,0,0,
서울,2020.7.22,11.5,6.2,7:58
서울,2020.7.23,103.1,18.5,17:17
서울,2020.7.24,2.9,2.3,8:55
서울,2020.7.25,0,0,
서울,2020.7.26,0,0,
서울,2020.7.27,2.2,0.6,3:06
서울,2020.7.28,0.4,0.3,16:14
서울,2020.7.29,50.1,27.1,9:02
서울,2020.7.30,0.1,0.1,
서울,2020.7.31,1.5,1.2,23:05
서울,2020.8.1,39.1,23.6,12:22
서울,2020.8.2,31.4,13.8,15:33
서울,2020.8.3,102.6,28.5,8:36
서울,2020.8.4,3.9,1.8,6:36
서울,2020.8.5,18.5,14.4,23:25
서울,2020.8.6,75.7,19.9,4:15
서울,2020.8.7,0,0,
서울,2020.8.8,19.1,5.9,20:26
서울,2020.8.9,50.3,13.9,13:37
서울,2020.8.10,44.6,28.6,15:56
서울,2020.8.11,97,23.6,4:35
서울,2020.8.12,,,
서울,2020.8.13,,,
서울,2020.8.14,0.4,0.4,7:50
서울,2020.8.15,69,23.7,5:52
서울,2020.8.16,,,
서울,2020.8.17,,,
서울,2020.8.18,,,
서울,2020.8.19,,,
서울,2020.8.20,,,
서울,2020.8.21,2.5,2.1,11:59
서울,2020.8.22,42.6,23,12:11
서울,2020.8.23,,,
서울,2020.8.24,,,
서울,2020.8.25,,,
서울,2020.8.26,0.6,0.6,22:25
서울,2020.8.27,8.7,4.2,6:32
서울,2020.8.28,13.6,6.7,5:23
서울,2020.8.29,13.6,6.5,10:52
서울,2020.8.30,42.5,32.5,1:44
서울,2020.8.31,0,0,
서울,2020.9.1,0,0,
서울,2020.9.2,33.3,20,17:36
서울,2020.9.3,29.8,5.1,2:20
서울,2020.9.4,,,
서울,2020.9.5,,,
서울,2020.9.6,6.4,4.1,22:40
서울,2020.9.7,61,8.4,19:33
서울,2020.9.8,0,0,
서울,2020.9.9,1.3,1.1,13:31
서울,2020.9.10,3.9,3.5,4:31
서울,2020.9.11,1.2,1.4,23:30
서울,2020.9.12,5.7,1.8,1:21
서울,2020.9.13,,,
서울,2020.9.14,0,0,
서울,2020.9.15,,,
서울,2020.9.16,0.3,0.2,
서울,2020.9.17,,,
서울,2020.9.18,,,
서울,2020.9.19,0.3,0.2,
서울,2020.9.20,,,
서울,2020.9.21,,,
서울,2020.9.22,,,
서울,2020.9.23,,,
서울,2020.9.24,,,
서울,2020.9.25,,,
서울,2020.9.26,,,
서울,2020.9.27,,,
서울,2020.9.28,,,
서울,2020.9.29,,,
서울,2020.9.30,38.3,34,18:24
서울,2020.10.1,,,
서울,2020.10.2,0,0,
서울,2020.10.3,0,0,
서울,2020.10.4,0,0,
서울,2020.10.5,,,
서울,2020.10.6,,,
서울,2020.10.7,,,
서울,2020.10.8,,,
서울,2020.10.9,,,
서울,2020.10.10,,,
서울,2020.10.11,,,
서울,2020.10.12,,,
서울,2020.10.13,,,
서울,2020.10.14,,,
서울,2020.10.15,,,
서울,2020.10.16,,,
서울,2020.10.17,,,
서울,2020.10.18,,,
서울,2020.10.19,,,
서울,2020.10.20,,,
서울,2020.10.21,,,
서울,2020.10.22,0,0,
서울,2020.10.23,,,
서울,2020.10.24,,,
서울,2020.10.25,,,
서울,2020.10.26,,,
서울,2020.10.27,,,
서울,2020.10.28,,,
서울,2020.10.29,,,
서울,2020.10.30,,,
서울,2020.10.31,,,
서울,2020.11.1,13.6,,
서울,2020.11.2,1.7,,
서울,2020.11.3,0.5,,
서울,2020.11.4,,,
서울,2020.11.5,,,
서울,2020.11.6,,,
서울,2020.11.7,0.1,,
서울,2020.11.8,,,
서울,2020.11.9,,,
서울,2020.11.10,,,
서울,2020.11.11,,,
서울,2020.11.12,,,
서울,2020.11.13,,,
서울,2020.11.14,,,
서울,2020.11.15,,,
서울,2020.11.16,,,
서울,2020.11.17,0.1,,
서울,2020.11.18,12.2,,
서울,2020.11.19,86.9,,
서울,2020.11.20,0,,
서울,2020.11.21,0.2,,
서울,2020.11.22,4.8,,
서울,2020.11.23,,,
서울,2020.11.24,,,
서울,2020.11.25,,,
서울,2020.11.26,,,
서울,2020.11.27,0,,
서울,2020.11.28,,,
서울,2020.11.29,,,
서울,2020.11.30,,,
서울,2020.12.1,,,
서울,2020.12.2,,,
서울,2020.12.3,,,
서울,2020.12.4,,,
서울,2020.12.5,,,
서울,2020.12.6,,,
서울,2020.12.7,,,
서울,2020.12.8,,,
서울,2020.12.9,,,
서울,2020.12.10,0,,
서울,2020.12.11,,,
서울,2020.12.12,,,
서울,2020.12.13,2.9,,
서울,2020.12.14,,,
서울,2020.12.15,,,
서울,2020.12.16,,,
서울,2020.12.17,0,,
서울,2020.12.18,0.2,,
서울,2020.12.19,,,
서울,2020.12.20,,,
서울,2020.12.21,,,
서울,2020.12.22,,,
서울,2020.12.23,0,,
서울,2020.12.24,,,
서울,2020.12.25,,,
서울,2020.12.26,,,
서울,2020.12.27,0,,
서울,2020.12.28,1.3,,
서울,2020.12.29,0.2,,
서울,2020.12.30,,,
서울,2020.12.31,0,,
서울,2021.1.1,,,
서울,2021.1.2,,,
서울,2021.1.3,,,
서울,2021.1.4,0,,
서울,2021.1.5,0,,
서울,2021.1.6,2.3,,
서울,2021.1.7,,,
서울,2021.1.8,,,
서울,2021.1.9,,,
서울,2021.1.10,,,
서울,2021.1.11,,,
서울,2021.1.12,2.6,,
서울,2021.1.13,0,,
서울,2021.1.14,,,
서울,2021.1.15,0.2,,
서울,2021.1.16,,,
서울,2021.1.17,0,,
서울,2021.1.18,0.3,,
서울,2021.1.19,,,
서울,2021.1.20,,,
서울,2021.1.21,9.2,,
서울,2021.1.22,0.1,,
서울,2021.1.23,,,
서울,2021.1.24,,,
서울,2021.1.25,,,
서울,2021.1.26,1.7,,
서울,2021.1.27,,,
서울,2021.1.28,2,,
서울,2021.1.29,,,
서울,2021.1.30,0.5,,
서울,2021.1.31,,,
서울,2021.2.1,0.7,,
서울,2021.2.2,0,,
서울,2021.2.3,3.4,,
서울,2021.2.4,0.1,,
서울,2021.2.5,,,
서울,2021.2.6,,,
서울,2021.2.7,,,
서울,2021.2.8,,,
서울,2021.2.9,,,
서울,2021.2.10,,,
서울,2021.2.11,,,
서울,2021.2.12,,,
서울,2021.2.13,,,
서울,2021.2.14,0,,
서울,2021.2.15,1.4,,
서울,2021.2.16,1.5,,
서울,2021.2.17,0,,
서울,2021.2.18,,,
서울,2021.2.19,,,
서울,2021.2.20,,,
서울,2021.2.21,,,
서울,2021.2.22,,,
서울,2021.2.23,,,
서울,2021.2.24,,,
서울,2021.2.25,,,
서울,2021.2.26,,,
서울,2021.2.27,,,
서울,2021.2.28,,,
서울,2021.3.1,67.5,,
서울,2021.3.2,0.1,,
서울,2021.3.3,,,
서울,2021.3.4,,,
서울,2021.3.5,,,
서울,2021.3.6,,,
서울,2021.3.7,,,
서울,2021.3.8,,,
서울,2021.3.9,,,
서울,2021.3.10,,,
서울,2021.3.11,,,
서울,2021.3.12,0,,
서울,2021.3.13,,,
서울,2021.3.14,,,
서울,2021.3.15,1.7,,
서울,2021.3.16,1.3,,
서울,2021.3.17,,,
서울,2021.3.18,,,
서울,2021.3.19,,,
서울,2021.3.20,5.1,,
서울,2021.3.21,0.3,,
서울,2021.3.22,,,
서울,2021.3.23,,,
서울,2021.3.24,,,
서울,2021.3.25,,,
서울,2021.3.26,,,
서울,2021.3.27,25.5,,
서울,2021.3.28,9.2,,
서울,2021.3.29,0.2,,
서울,2021.3.30,,,
서울,2021.3.31,,,
서울,2021.4.1,,,
서울,2021.4.2,0,0,
서울,2021.4.3,56.2,11.5,11:10
서울,2021.4.4,0.6,0.4,4:02
서울,2021.4.5,,,
서울,2021.4.6,,,
서울,2021.4.7,,,
서울,2021.4.8,,,
서울,2021.4.9,,,
서울,2021.4.10,,,
서울,2021.4.11,,,
서울,2021.4.12,22,5.4,18:31
서울,2021.4.13,8,3,#VALUE!
서울,2021.4.14,,,
서울,2021.4.15,,,
서울,2021.4.16,0.7,0.7,10:57
서울,2021.4.17,0,0,
서울,2021.4.18,,,
서울,2021.4.19,,,
서울,2021.4.20,,,
서울,2021.4.21,,,
서울,2021.4.22,,,
서울,2021.4.23,0,0,
서울,2021.4.24,0,0,
서울,2021.4.25,,,
서울,2021.4.26,,,
서울,2021.4.27,1.7,5.8,23:31
서울,2021.4.28,4.7,4.7,0:01
서울,2021.4.29,3.9,4.3,23:13
서울,2021.4.30,26.3,8.9,2:45
서울,2021.5.1,8,5.3,14:19
서울,2021.5.2,1.7,1.2,0:24
서울,2021.5.3,,,
서울,2021.5.4,19.6,5.1,14:36
서울,2021.5.5,0.1,0.4,#VALUE!
서울,2021.5.6,,,
서울,2021.5.7,8.8,8.8,9:15
서울,2021.5.8,,,
서울,2021.5.9,,,
서울,2021.5.10,0,0,
서울,2021.5.11,,,
서울,2021.5.12,,,
서울,2021.5.13,,,
서울,2021.5.14,,,
서울,2021.5.15,15,5.8,13:02
서울,2021.5.16,66.9,11.3,18:53
서울,2021.5.17,3.1,1.7,11:15
서울,2021.5.18,,,
서울,2021.5.19,,,
서울,2021.5.20,0.9,0.5,22:19
서울,2021.5.21,6.9,2,14:01
서울,2021.5.22,0.2,0.2,
서울,2021.5.23,,,
서울,2021.5.24,,,
서울,2021.5.25,8.3,5.4,5:34
서울,2021.5.26,0,0,
서울,2021.5.27,8.9,6.5,6:42
서울,2021.5.28,12.3,4.7,5:02
서울,2021.5.29,0.3,0.2,
서울,2021.5.30,18.1,11.3,22:49
서울,2021.5.31,4,4.7,#VALUE!
서울,2021.6.1,3.2,2.3,7:12
서울,2021.6.2,,,
서울,2021.6.3,18.1,5.1,19:44
서울,2021.6.4,,,
서울,2021.6.5,,,
서울,2021.6.6,,,
서울,2021.6.7,0,0,
서울,2021.6.8,0.1,0.1,
서울,2021.6.9,,,
서울,2021.6.10,6.1,5.1,22:57
서울,2021.6.11,4.6,2.6,2:19
서울,2021.6.12,,,
서울,2021.6.13,,,
서울,2021.6.14,,,
서울,2021.6.15,1.9,0.9,10:18
서울,2021.6.16,,,
서울,2021.6.17,0,0,
서울,2021.6.18,6.3,1.7,5:53
서울,2021.6.19,,,
서울,2021.6.20,,,
서울,2021.6.21,,,
서울,2021.6.22,0,0,
서울,2021.6.23,7.5,7.5,15:30
서울,2021.6.24,,,
서울,2021.6.25,,,
서울,2021.6.26,4.5,2.6,3:39
서울,2021.6.27,38.2,37.7,18:24
서울,2021.6.28,0.1,0.1,
서울,2021.6.29,8,8,16:14
서울,2021.6.30,6,6,11:59
서울,2021.7.1,,,
서울,2021.7.2,,,
서울,2021.7.3,60,13.8,16:56
서울,2021.7.4,21.4,5.3,0:45
서울,2021.7.5,,,
서울,2021.7.6,,,
서울,2021.7.7,12.7,12.4,20:25
서울,2021.7.8,2.9,2.7,0:02
서울,2021.7.9,0,0,
서울,2021.7.10,0.5,0.2,
서울,2021.7.11,0.4,0.4,6:12
서울,2021.7.12,,,
서울,2021.7.13,,,
서울,2021.7.14,,,
서울,2021.7.15,0,0,
서울,2021.7.16,,,
서울,2021.7.17,0,0,
서울,2021.7.18,,,
서울,2021.7.19,67.4,65.7,14:06
서울,2021.7.20,0,0,
서울,2021.7.21,,,
서울,2021.7.22,,,
서울,2021.7.23,,,
서울,2021.7.24,,,
서울,2021.7.25,,,
서울,2021.7.26,,,
서울,2021.7.27,,,
서울,2021.7.28,0,0,
서울,2021.7.29,,,
서울,2021.7.30,,,
서울,2021.7.31,3,2.4,2:01
서울,2021.8.1,21,8.7,19:09
서울,2021.8.2,1.7,1.4,7:43
서울,2021.8.3,0,0,
서울,2021.8.4,,,
서울,2021.8.5,,,
서울,2021.8.6,,,
서울,2021.8.7,,,
서울,2021.8.8,12.7,11.6,15:22
서울,2021.8.9,,,
서울,2021.8.10,,,
서울,2021.8.11,0,0,
서울,2021.8.12,0,0,
서울,2021.8.13,,,
서울,2021.8.14,,,
서울,2021.8.15,,,
서울,2021.8.16,0,0,
서울,2021.8.17,9.3,5.3,19:44
서울,2021.8.18,5.6,2.9,7:13
서울,2021.8.19,,,
서울,2021.8.20,0,0,
서울,2021.8.21,62.8,27.9,12:19
서울,2021.8.22,0,0,
서울,2021.8.23,7.4,2,18:23
서울,2021.8.24,10.5,2.8,12:15
서울,2021.8.25,0.3,0.3,1:50
서울,2021.8.26,0.7,0.7,15:20
서울,2021.8.27,0.9,0.7,13:18
서울,2021.8.28,,,
서울,2021.8.29,0.9,0.7,1:22
서울,2021.8.30,0,0,
서울,2021.8.31,77.4,12.4,13:56
서울,2021.9.1,0.8,3.1,#VALUE!
서울,2021.9.2,,,
서울,2021.9.3,,,
서울,2021.9.4,,,
서울,2021.9.5,,,
서울,2021.9.6,12,4,21:38
서울,2021.9.7,29.6,6.6,8:52
서울,2021.9.8,1.6,0.7,1:49
서울,2021.9.9,,,
서울,2021.9.10,,,
서울,2021.9.11,,,
서울,2021.9.12,,,
서울,2021.9.13,,,
서울,2021.9.14,,,
서울,2021.9.15,,,
서울,2021.9.16,,,
서울,2021.9.17,,,
서울,2021.9.18,,,
서울,2021.9.19,,,
서울,2021.9.20,,,
서울,2021.9.21,68.1,27.1,23:12
서울,2021.9.22,4.5,4.2,0:01
서울,2021.9.23,,,
서울,2021.9.24,,,
서울,2021.9.25,,,
서울,2021.9.26,,,
서울,2021.9.27,0,0,
서울,2021.9.28,1.3,0.7,21:00
서울,2021.9.29,13.1,5,8:47
서울,2021.9.30,,,
서울,2021.10.1,13.3,12.7,21:53
서울,2021.10.2,,,
서울,2021.10.3,,,
서울,2021.10.4,3.6,3.5,17:14
서울,2021.10.5,0,0,
서울,2021.10.6,6.4,2,7:35
서울,2021.10.7,4.6,3.8,5:05
서울,2021.10.8,3.5,0.9,10:44
서울,2021.10.9,0.4,0.3,6:35
서울,2021.10.10,14.2,4.4,12:37
서울,2021.10.11,0.3,0.3,#VALUE!
서울,2021.10.12,,,
서울,2021.10.13,,,
서울,2021.10.14,,,
서울,2021.10.15,0,0,
서울,2021.10.16,0,0,
서울,2021.10.17,,,
서울,2021.10.18,5.6,4.8,23:31
서울,2021.10.19,4.4,3.1,0:01
서울,2021.10.20,,,
서울,2021.10.21,,,
서울,2021.10.22,,,
서울,2021.10.23,,,
서울,2021.10.24,,,
서울,2021.10.25,,,
서울,2021.10.26,,,
서울,2021.10.27,0,0,
서울,2021.10.28,,,
서울,2021.10.29,,,
서울,2021.10.30,,,
서울,2021.10.31,0.7,0.7,20:15
서울,2021.11.1,,,
서울,2021.11.2,,,
서울,2021.11.3,,,
서울,2021.11.4,0,,
서울,2021.11.5,,,
서울,2021.11.6,,,
서울,2021.11.7,,,
서울,2021.11.8,25.7,,
서울,2021.11.9,2,,
서울,2021.11.10,0.3,,
서울,2021.11.11,0,,
서울,2021.11.12,,,
서울,2021.11.13,,,
서울,2021.11.14,,,
서울,2021.11.15,,,
서울,2021.11.16,,,
서울,2021.11.17,,,
서울,2021.11.18,0,,
서울,2021.11.19,,,
서울,2021.11.20,,,
서울,2021.11.21,5.9,,
서울,2021.11.22,1.3,,
서울,2021.11.23,,,
서울,2021.11.24,0,,
서울,2021.11.25,,,
서울,2021.11.26,0,,
서울,2021.11.27,,,
서울,2021.11.28,,,
서울,2021.11.29,,,
서울,2021.11.30,27.2,,
서울,2021.12.1,,,
서울,2021.12.2,0.1,,
서울,2021.12.3,0.4,,
서울,2021.12.4,,,
서울,2021.12.5,,,
서울,2021.12.6,,,
서울,2021.12.7,,,
서울,2021.12.8,,,
서울,2021.12.9,,,
서울,2021.12.10,0.7,,
서울,2021.12.11,,,
서울,2021.12.12,,,
서울,2021.12.13,,,
서울,2021.12.14,1.2,,
서울,2021.12.15,2.1,,
서울,2021.12.16,0,,
서울,2021.12.17,,,
서울,2021.12.18,2.8,,
서울,2021.12.19,0.2,,
서울,2021.12.20,0,,
서울,2021.12.21,,,
서울,2021.12.22,,,
서울,2021.12.23,,,
서울,2021.12.24,0.2,,
서울,2021.12.25,,,
서울,2021.12.26,,,
서울,2021.12.27,0,,
서울,2021.12.28,,,
서울,2021.12.29,0.2,,
서울,2021.12.30,0,,
서울,2021.12.31,,,
서울,2022.1.1,,,
서울,2022.1.2,0.3,,
서울,2022.1.3,0,,
서울,2022.1.4,0,,
서울,2022.1.5,,,
서울,2022.1.6,,,
서울,2022.1.7,,,
서울,2022.1.8,0,,
서울,2022.1.9,,,
서울,2022.1.10,0.9,,
서울,2022.1.11,0.2,,
서울,2022.1.12,,,
서울,2022.1.13,,,
서울,2022.1.14,,,
서울,2022.1.15,0,,
서울,2022.1.16,0,,
서울,2022.1.17,0.5,,
서울,2022.1.18,,,
서울,2022.1.19,1.7,,
서울,2022.1.20,,,
서울,2022.1.21,,,
서울,2022.1.22,,,
서울,2022.1.23,,,
서울,2022.1.24,,,
서울,2022.1.25,0.7,,
서울,2022.1.26,,,
서울,2022.1.27,,,
서울,2022.1.28,,,
서울,2022.1.29,,,
서울,2022.1.30,,,
서울,2022.1.31,1.2,,
서울,2022.2.1,1.7,,
서울,2022.2.2,,,
서울,2022.2.3,,,
서울,2022.2.4,0,,
서울,2022.2.5,,,
서울,2022.2.6,,,
서울,2022.2.7,,,
서울,2022.2.8,,,
서울,2022.2.9,,,
서울,2022.2.10,,,
서울,2022.2.11,,,
서울,2022.2.12,,,
서울,2022.2.13,,,
서울,2022.2.14,1.7,,
서울,2022.2.15,0,,
서울,2022.2.16,0,,
서울,2022.2.17,,,
서울,2022.2.18,,,
서울,2022.2.19,0.1,,
서울,2022.2.20,,,
서울,2022.2.21,0.1,,
서울,2022.2.22,,,
서울,2022.2.23,,,
서울,2022.2.24,,,
서울,2022.2.25,,,
서울,2022.2.26,1.1,,
서울,2022.2.27,,,
서울,2022.2.28,,,
서울,2022.3.1,2.3,,
서울,2022.3.2,,,
서울,2022.3.3,,,
서울,2022.3.4,,,
서울,2022.3.5,,,
서울,2022.3.6,,,
서울,2022.3.7,,,
서울,2022.3.8,,,
서울,2022.3.9,,,
서울,2022.3.10,,,
서울,2022.3.11,,,
서울,2022.3.12,2.6,,
서울,2022.3.13,42.1,,
서울,2022.3.14,8.7,,
서울,2022.3.15,,,
서울,2022.3.16,,,
서울,2022.3.17,1.2,,
서울,2022.3.18,0,,
서울,2022.3.19,14.6,,
서울,2022.3.20,0,,
서울,2022.3.21,,,
서울,2022.3.22,,,
서울,2022.3.23,,,
서울,2022.3.24,,,
서울,2022.3.25,10.9,,
서울,2022.3.26,19.8,,
서울,2022.3.27,,,
서울,2022.3.28,,,
서울,2022.3.29,,,
서울,2022.3.30,0.4,,
서울,2022.3.31,,,
서울,2022.4.1,,,
서울,2022.4.2,,,
서울,2022.4.3,,,
서울,2022.4.4,,,
서울,2022.4.5,,,
서울,2022.4.6,,,
서울,2022.4.7,,,
서울,2022.4.8,,,
서울,2022.4.9,0.5,0.5,7:10
서울,2022.4.10,,,
서울,2022.4.11,,,
서울,2022.4.12,0.5,0.4,20:38
서울,2022.4.13,1.3,0.8,1:28
서울,2022.4.14,,,
서울,2022.4.15,,,
서울,2022.4.16,,,
서울,2022.4.17,,,
서울,2022.4.18,,,
서울,2022.4.19,,,
서울,2022.4.20,,,
서울,2022.4.21,,,
서울,2022.4.22,,,
서울,2022.4.23,,,
서울,2022.4.24,0.3,0.2,
서울,2022.4.25,1.3,0.3,5:29
서울,2022.4.26,1,0.8,2:37
서울,2022.4.27,,,
서울,2022.4.28,0,0,
서울,2022.4.29,15.5,4,4:23
서울,2022.4.30,,,
서울,2022.5.1,,,
서울,2022.5.2,,,
서울,2022.5.3,,,
서울,2022.5.4,,,
서울,2022.5.5,,,
서울,2022.5.6,,,
서울,2022.5.7,0.5,0.2,
서울,2022.5.8,2,1.1,21:10
서울,2022.5.9,,,
서울,2022.5.10,0,0,
서울,2022.5.11,0,0,
서울,2022.5.12,,,
서울,2022.5.13,,,
서울,2022.5.14,,,
서울,2022.5.15,,,
서울,2022.5.16,,,
서울,2022.5.17,,,
서울,2022.5.18,1.5,1.5,8:53
서울,2022.5.19,,,
서울,2022.5.20,,,
서울,2022.5.21,,,
서울,2022.5.22,,,
서울,2022.5.23,,,
서울,2022.5.24,,,
서울,2022.5.25,3.5,2.9,21:00
서울,2022.5.26,0,0,
서울,2022.5.27,0,0,
서울,2022.5.28,,,
서울,2022.5.29,,,
서울,2022.5.30,0,0,
서울,2022.5.31,,,
서울,2022.6.1,,,
서울,2022.6.2,,,
서울,2022.6.3,,,
서울,2022.6.4,,,
서울,2022.6.5,0,0,
서울,2022.6.6,4.3,1.7,6:38
서울,2022.6.7,0,0,
서울,2022.6.8,,,
서울,2022.6.9,2.6,2.5,12:45
서울,2022.6.10,1.2,1.2,13:38
서울,2022.6.11,,,
서울,2022.6.12,,,
서울,2022.6.13,18,15.9,2:43
서울,2022.6.14,0,0,
서울,2022.6.15,18.5,5.8,1:44
서울,2022.6.16,0.7,0.3,0:35
서울,2022.6.17,,,
서울,2022.6.18,0,0,
서울,2022.6.19,,,
서울,2022.6.20,,,
서울,2022.6.21,,,
서울,2022.6.22,,,
서울,2022.6.23,103,34.4,17:54
서울,2022.6.24,19.1,14.4,0:01
서울,2022.6.25,,,
서울,2022.6.26,,,
서울,2022.6.27,6.1,1.6,11:45
서울,2022.6.28,6.3,3.2,13:17
서울,2022.6.29,37.8,10.6,11:33
서울,2022.6.30,176.2,24,9:53
서울,2022.7.1,,,
서울,2022.7.2,,,
서울,2022.7.3,,,
서울,2022.7.4,0,0,
서울,2022.7.5,0,0,
서울,2022.7.6,16.1,15.6,21:54
서울,2022.7.7,0,0,
서울,2022.7.8,1.7,1.7,0:55
서울,2022.7.9,0.1,0.1,
서울,2022.7.10,0,0,
서울,2022.7.11,9,7.7,15:27
서울,2022.7.12,,,
서울,2022.7.13,114.5,30.3,14:24
서울,2022.7.14,0.9,0.5,4:27
서울,2022.7.15,,,
서울,2022.7.16,34,33.8,16:30
서울,2022.7.17,0,0,
서울,2022.7.18,,,
서울,2022.7.19,,,
서울,2022.7.20,1.1,0.8,22:38
서울,2022.7.21,10.4,3.4,5:22
서울,2022.7.22,5.2,5.2,12:35
서울,2022.7.23,9.9,4.2,21:54
서울,2022.7.24,1.2,1.6,#VALUE!
서울,2022.7.25,,,
서울,2022.7.26,,,
서울,2022.7.27,,,
서울,2022.7.28,,,
서울,2022.7.29,,,
서울,2022.7.30,1,1,14:45
서울,2022.7.31,47.2,18,21:41
서울,2022.8.1,30,13.3,5:17
서울,2022.8.2,33.5,7.6,2:12
서울,2022.8.3,51.1,17.9,4:16
서울,2022.8.4,0,0,
서울,2022.8.5,0,0,
서울,2022.8.6,13.6,11.4,10:50
서울,2022.8.7,0.9,0.9,8:35
서울,2022.8.8,129.6,38.1,17:34
서울,2022.8.9,123.1,27.1,19:43
서울,2022.8.10,7.6,10,#VALUE!
서울,2022.8.11,38.8,25.6,3:51
서울,2022.8.12,,,
서울,2022.8.13,4,2,12:18
서울,2022.8.14,3,3,17:25
서울,2022.8.15,0.9,0.7,18:01
서울,2022.8.16,0,0,
서울,2022.8.17,0,0,
서울,2022.8.18,,,
서울,2022.8.19,66.1,47.1,15:43
서울,2022.8.20,0,0.2,
서울,2022.8.21,,,
서울,2022.8.22,3.2,2.7,21:39
서울,2022.8.23,2.2,1,4:18
서울,2022.8.24,,,
서울,2022.8.25,1.6,0.8,11:02
서울,2022.8.26,,,
서울,2022.8.27,17.6,17.6,1:40
서울,2022.8.28,,,
서울,2022.8.29,2.2,0.6,6:31
서울,2022.8.30,35.8,4.2,2:50
서울,2022.8.31,0,0,
서울,2022.9.1,,,
서울,2022.9.2,,,
서울,2022.9.3,,,
서울,2022.9.4,33.8,9.7,21:35
서울,2022.9.5,120,12.8,10:25
서울,2022.9.6,25.3,8.9,1:51
서울,2022.9.7,,,
서울,2022.9.8,,,
서울,2022.9.9,,,
서울,2022.9.10,,,
서울,2022.9.11,0.1,0.1,
서울,2022.9.12,,,
서울,2022.9.13,0,0,
서울,2022.9.14,0,0,
서울,2022.9.15,0.1,0.1,
서울,2022.9.16,14.6,8.6,23:21
서울,2022.9.17,4.3,4.3,0:01
서울,2022.9.18,,,
서울,2022.9.19,,,
서울,2022.9.20,,,
서울,2022.9.21,,,
서울,2022.9.22,,,
서울,2022.9.23,3.3,3.3,11:15
서울,2022.9.24,,,
서울,2022.9.25,,,
서울,2022.9.26,,,
서울,2022.9.27,,,
서울,2022.9.28,,,
서울,2022.9.29,,,
서울,2022.9.30,,,
서울,2022.10.1,,,
서울,2022.10.2,15.8,6.1,17:25
서울,2022.10.3,76,14.7,22:19
서울,2022.10.4,11.8,7,0:30
서울,2022.10.5,0.1,0.1,
서울,2022.10.6,0,0,
서울,2022.10.7,,,
서울,2022.10.8,,,
서울,2022.10.9,20.4,4.2,18:40
서울,2022.10.10,0,0,
서울,2022.10.11,,,
서울,2022.10.12,,,
서울,2022.10.13,,,
서울,2022.10.14,,,
서울,2022.10.15,,,
서울,2022.10.16,,,
서울,2022.10.17,,,
서울,2022.10.18,,,
서울,2022.10.19,,,
서울,2022.10.20,,,
서울,2022.10.21,,,
서울,2022.10.22,,,
서울,2022.10.23,,,
서울,2022.10.24,,,
서울,2022.10.25,,,
서울,2022.10.26,,,
서울,2022.10.27,,,
서울,2022.10.28,,,
서울,2022.10.29,,,
서울,2022.10.30,,,
서울,2022.10.31,,,
서울,2022.11.1,,,
서울,2022.11.2,,,
서울,2022.11.3,0,,
서울,2022.11.4,,,
서울,2022.11.5,,,
서울,2022.11.6,,,
서울,2022.11.7,0,,
서울,2022.11.8,,,
서울,2022.11.9,,,
서울,2022.11.10,,,
서울,2022.11.11,,,
서울,2022.11.12,57.9,,
서울,2022.11.13,,,
서울,2022.11.14,,,
서울,2022.11.15,1.6,,
서울,2022.11.16,,,
서울,2022.11.17,,,
서울,2022.11.18,,,
서울,2022.11.19,,,
서울,2022.11.20,,,
서울,2022.11.21,,,
서울,2022.11.22,0,,
서울,2022.11.23,0,,
서울,2022.11.24,,,
서울,2022.11.25,1.7,,
서울,2022.11.26,,,
서울,2022.11.27,,,
서울,2022.11.28,19.5,,
서울,2022.11.29,3.8,,
서울,2022.11.30,,,
서울,2022.12.1,,,
서울,2022.12.2,,,
서울,2022.12.3,1.1,,
서울,2022.12.4,,,
서울,2022.12.5,,,
서울,2022.12.6,0.1,,
서울,2022.12.7,0.1,,
서울,2022.12.8,,,
서울,2022.12.9,0,,
서울,2022.12.10,,,
서울,2022.12.11,,,
서울,2022.12.12,5.4,,
서울,2022.12.13,0.6,,
서울,2022.12.14,,,
서울,2022.12.15,2.4,,
서울,2022.12.16,,,
서울,2022.12.17,0.2,,
서울,2022.12.18,,,
서울,2022.12.19,,,
서울,2022.12.20,,,
서울,2022.12.21,3.6,,
서울,2022.12.22,,,
서울,2022.12.23,,,
서울,2022.12.24,,,
서울,2022.12.25,,,
서울,2022.12.26,,,
서울,2022.12.27,,,
서울,2022.12.28,0.1,,
서울,2022.12.29,0,,
서울,2022.12.30,0,,
서울,2022.12.31,0,,
서울,2023.1.1,,,
서울,2023.1.2,,,
서울,2023.1.3,,,
서울,2023.1.4,,,
서울,2023.1.5,,,
서울,2023.1.6,3.9,,
서울,2023.1.7,0.1,,
서울,2023.1.8,,,
서울,2023.1.9,,,
서울,2023.1.10,,,
서울,2023.1.11,,,
서울,2023.1.12,0,,
서울,2023.1.13,37.3,,
서울,2023.1.14,1.6,,
서울,2023.1.15,3.2,,
서울,2023.1.16,0,,
서울,2023.1.17,0,,
서울,2023.1.18,0,,
서울,2023.1.19,1,,
서울,2023.1.20,,,
서울,2023.1.21,,,
서울,2023.1.22,0,,
서울,2023.1.23,,,
서울,2023.1.24,0,,
서울,2023.1.25,0,,
서울,2023.1.26,0.8,,
서울,2023.1.27,,,
서울,2023.1.28,0,,
서울,2023.1.29,,,
서울,2023.1.30,,,
서울,2023.1.31,,,
서울,2023.2.1,,,
서울,2023.2.2,,,
서울,2023.2.3,,,
서울,2023.2.4,,,
서울,2023.2.5,,,
서울,2023.2.6,,,
서울,2023.2.7,,,
서울,2023.2.8,,,
서울,2023.2.9,0,,
서울,2023.2.10,0.6,,
서울,2023.2.11,,,
서울,2023.2.12,,,
서울,2023.2.13,,,
서울,2023.2.14,,,
서울,2023.2.15,,,
서울,2023.2.16,0,,
서울,2023.2.17,,,
서울,2023.2.18,,,
서울,2023.2.19,0.4,,
서울,2023.2.20,,,
서울,2023.2.21,,,
서울,2023.2.22,,,
서울,2023.2.23,,,
서울,2023.2.24,,,
서울,2023.2.25,,,
서울,2023.2.26,,,
서울,2023.2.27,,,
서울,2023.2.28,,,
서울,2023.3.1,,,
서울,2023.3.2,,,
서울,2023.3.3,,,
서울,2023.3.4,,,
서울,2023.3.5,,,
서울,2023.3.6,,,
서울,2023.3.7,,,
서울,2023.3.8,1.2,,
서울,2023.3.9,3.7,,
서울,2023.3.10,,,
서울,2023.3.11,,,
서울,2023.3.12,5.6,,
서울,2023.3.13,,,
서울,2023.3.14,,,
서울,2023.3.15,,,
서울,2023.3.16,,,
서울,2023.3.17,,,
서울,2023.3.18,,,
서울,2023.3.19,,,
서울,2023.3.20,,,
서울,2023.3.21,,,
서울,2023.3.22,,,
서울,2023.3.23,0,,
서울,2023.3.24,,,
서울,2023.3.25,,,
서울,2023.3.26,,,
서울,2023.3.27,,,
서울,2023.3.28,,,
서울,2023.3.29,,,
서울,2023.3.30,,,
서울,2023.3.31,,,
서울,2023.4.1,,,
서울,2023.4.2,,,
서울,2023.4.3,,,
서울,2023.4.4,6.9,3.1,21:38
서울,2023.4.5,50.3,9,12:10
서울,2023.4.6,2.7,1.5,19:02
서울,2023.4.7,,,
서울,2023.4.8,,,
서울,2023.4.9,,,
서울,2023.4.10,,,
서울,2023.4.11,2.9,2.6,12:54
서울,2023.4.12,,,
서울,2023.4.13,0,0,
서울,2023.4.14,,,
서울,2023.4.15,4.6,3.6,10:37
서울,2023.4.16,0,0,
서울,2023.4.17,,,
서울,2023.4.18,1.5,0.6,9:20
서울,2023.4.19,,,
서울,2023.4.20,0.5,0.5,3:59
서울,2023.4.21,,,
서울,2023.4.22,,,
서울,2023.4.23,,,
서울,2023.4.24,,,
서울,2023.4.25,0.4,0.4,12:18
서울,2023.4.26,0,0,
서울,2023.4.27,,,
서울,2023.4.28,1.9,1.7,22:51
서울,2023.4.29,25.1,4.9,3:03
서울,2023.4.30,0.1,0.1,
서울,2023.5.1,,,
서울,2023.5.2,,,
서울,2023.5.3,,,
서울,2023.5.4,,,
서울,2023.5.5,30.2,9.3,15:38
서울,2023.5.6,47.5,9.3,2:30
서울,2023.5.7,,,
서울,2023.5.8,,,
서울,2023.5.9,,,
서울,2023.5.10,,,
서울,2023.5.11,,,
서울,2023.5.12,,,
서울,2023.5.13,0,0,
서울,2023.5.14,,,
서울,2023.5.15,,,
서울,2023.5.16,,,
서울,2023.5.17,,,
서울,2023.5.18,1.3,1.3,14:05
서울,2023.5.19,,,
서울,2023.5.20,,,
서울,2023.5.21,0.2,0.2,
서울,2023.5.22,0,0,
서울,2023.5.23,,,
서울,2023.5.24,,,
서울,2023.5.25,0,0,
서울,2023.5.26,0.5,0.5,#VALUE!
서울,2023.5.27,31.8,5.8,18:10
서울,2023.5.28,41.8,4.9,0:56
서울,2023.5.29,2.3,1.4,0:35
서울,2023.5.30,,,
서울,2023.5.31,,,
서울,2023.6.1,,,
서울,2023.6.2,0,0,
서울,2023.6.3,,,
서울,2023.6.4,,,
서울,2023.6.5,,,
서울,2023.6.6,0,0,
서울,2023.6.7,0,0,
서울,2023.6.8,1.9,1.5,22:51
서울,2023.6.9,1.2,0.6,1:13
서울,2023.6.10,0.8,1.7,23:31
서울,2023.6.11,32.2,16.1,3:12
서울,2023.6.12,0,0,
서울,2023.6.13,0,0,
서울,2023.6.14,30.6,30.6,13:55
서울,2023.6.15,,,
서울,2023.6.16,,,
서울,2023.6.17,,,
서울,2023.6.18,,,
서울,2023.6.19,,,
서울,2023.6.20,6.4,6.4,23:31
서울,2023.6.21,24.9,8.4,3:02
서울,2023.6.22,0,0,
서울,2023.6.23,,,
서울,2023.6.24,,,
서울,2023.6.25,,,
서울,2023.6.26,30.3,11.1,5:17
서울,2023.6.27,2.5,2.5,1:13
서울,2023.6.28,0,0,
서울,2023.6.29,63.8,33.8,10:42
서울,2023.6.30,1,0.4,0:07
서울,2023.7.1,,,
서울,2023.7.2,,,
서울,2023.7.3,,,
서울,2023.7.4,61.8,28.5,19:21
서울,2023.7.5,15.3,13.8,0:24
서울,2023.7.6,,,
서울,2023.7.7,,,
서울,2023.7.8,,,
서울,2023.7.9,47.5,24.6,10:27
서울,2023.7.10,11.5,11.5,5:30
서울,2023.7.11,58.3,15.4,9:52
서울,2023.7.12,0.7,0.5,3:25
서울,2023.7.13,91.6,35,13:59
서울,2023.7.14,72.7,20.3,#VALUE!
서울,2023.7.15,2.3,0.6,2:03
서울,2023.7.16,9.7,9.6,11:55
서울,2023.7.17,1.4,1.5,23:30
서울,2023.7.18,2.3,0.8,10:46
서울,2023.7.19,,,
서울,2023.7.20,,,
서울,2023.7.21,,,
서울,2023.7.22,12.3,10.1,18:23
서울,2023.7.23,40.2,9.1,6:57
서울,2023.7.24,0.4,0.4,0:30
서울,2023.7.25,5.6,5.5,
서울,2023.7.26,1,1,9:15
서울,2023.7.27,0,0,
서울,2023.7.28,,,
서울,2023.7.29,,,
서울,2023.7.30,25,20,18:01
서울,2023.7.31,0.3,0.3,14:55
서울,2023.8.1,,,
서울,2023.8.2,,,
서울,2023.8.3,,,
서울,2023.8.4,,,
서울,2023.8.5,,,
서울,2023.8.6,4.9,4.9,15:11
서울,2023.8.7,,,
서울,2023.8.8,,,
서울,2023.8.9,0.2,0.2,
서울,2023.8.10,86.1,13.6,16:18
서울,2023.8.11,46.7,13.6,10:35
서울,2023.8.12,1.5,1.2,14:38
서울,2023.8.13,,,
서울,2023.8.14,,,
서울,2023.8.15,,,
서울,2023.8.16,0.3,0.3,17:10
서울,2023.8.17,,,
서울,2023.8.18,0.1,0.1,
서울,2023.8.19,,,
서울,2023.8.20,0,0,
서울,2023.8.21,0,0,
서울,2023.8.22,42.6,29,17:03
서울,2023.8.23,41.8,15.6,11:54
서울,2023.8.24,5.2,4.3,3:36
서울,2023.8.25,0,0,
서울,2023.8.26,,,
서울,2023.8.27,0,0,
서울,2023.8.28,10.4,2.9,7:22
서울,2023.8.29,54.8,27.2,10:58
서울,2023.8.30,3.5,2.3,16:16
서울,2023.8.31,,,
서울,2023.9.1,,,
서울,2023.9.2,,,
서울,2023.9.3,0.1,0.1,
서울,2023.9.4,0.3,0.2,
서울,2023.9.5,0,0,
서울,2023.9.6,,,
서울,2023.9.7,,,
서울,2023.9.8,,,
서울,2023.9.9,,,
서울,2023.9.10,,,
서울,2023.9.11,,,
서울,2023.9.12,,,
서울,2023.9.13,15.9,2.9,15:56
서울,2023.9.14,,,
서울,2023.9.15,2.1,0.9,7:05
서울,2023.9.16,38.7,28,21:01
서울,2023.9.17,3,11.4,#VALUE!
서울,2023.9.18,,,
서울,2023.9.19,,,
서울,2023.9.20,35.8,9.6,15:36
서울,2023.9.21,0,0,
서울,2023.9.22,,,
서울,2023.9.23,,,
서울,2023.9.24,,,
서울,2023.9.25,1.9,1,22:22
서울,2023.9.26,27.8,6.1,2:04
서울,2023.9.27,4.4,1.4,3:44
서울,2023.9.28,,,
서울,2023.9.29,,,
서울,2023.9.30,4.5,4.2,13:33
서울,2023.10.1,,,
서울,2023.10.2,,,
서울,2023.10.3,,,
서울,2023.10.4,14.7,11.7,16:07
서울,2023.10.5,,,
서울,2023.10.6,,,
서울,2023.10.7,,,
서울,2023.10.8,0,0,
서울,2023.10.9,1.2,0.7,20:55
서울,2023.10.10,,,
서울,2023.10.11,,,
서울,2023.10.12,,,
서울,2023.10.13,,,
서울,2023.10.14,5.8,2.2,11:11
서울,2023.10.15,,,
서울,2023.10.16,,,
서울,2023.10.17,,,
서울,2023.10.18,,,
서울,2023.10.19,8.2,7.5,7:12
서울,2023.10.20,,,
서울,2023.10.21,1.1,1.1,7:40
서울,2023.10.22,,,
서울,2023.10.23,,,
서울,2023.10.24,,,
서울,2023.10.25,,,
서울,2023.10.26,0,0,
서울,2023.10.27,,,
서울,2023.10.28,,,
서울,2023.10.29,,,
서울,2023.10.30,,,
서울,2023.10.31,,,
서울,2023.11.1,0,,
서울,2023.11.2,,,
서울,2023.11.3,8.5,,
서울,2023.11.4,,,
서울,2023.11.5,10.4,,
서울,2023.11.6,45.8,,
서울,2023.11.7,0,,
서울,2023.11.8,,,
서울,2023.11.9,5.1,,
서울,2023.11.10,,,
서울,2023.11.11,,,
서울,2023.11.12,,,
서울,2023.11.13,,,
서울,2023.11.14,,,
서울,2023.11.15,,,
서울,2023.11.16,8.4,,
서울,2023.11.17,0,,
서울,2023.11.18,,,
서울,2023.11.19,,,
서울,2023.11.20,,,
서울,2023.11.21,,,
서울,2023.11.22,,,
서울,2023.11.23,0.1,,
서울,2023.11.24,,,
서울,2023.11.25,,,
서울,2023.11.26,0,,
서울,2023.11.27,3.6,,
서울,2023.11.28,0,,
서울,2023.11.29,0,,
서울,2023.11.30,,,
서울,2023.12.1,,,
서울,2023.12.2,0,,
서울,2023.12.3,,,
서울,2023.12.4,,,
서울,2023.12.5,,,
서울,2023.12.6,3.8,,
서울,2023.12.7,,,
서울,2023.12.8,,,
서울,2023.12.9,,,
서울,2023.12.10,0,,
서울,2023.12.11,11.4,,
서울,2023.12.12,0.4,,
서울,2023.12.13,,,
서울,2023.12.14,17,,
서울,2023.12.15,31.1,,
서울,2023.12.16,1.5,,
서울,2023.12.17,,,
서울,2023.12.18,,,
서울,2023.12.19,0.3,,
서울,2023.12.20,0.8,,
서울,2023.12.21,,,
서울,2023.12.22,,,
서울,2023.12.23,,,
서울,2023.12.24,1.1,,
서울,2023.12.25,0.7,,
서울,2023.12.26,,,
서울,2023.12.27,,,
서울,2023.12.28,,,
서울,2023.12.29,,,
서울,2023.12.30,13.1,,
서울,2023.12.31,4.7,,
서울,2024.1.1,0,,
서울,2024.1.2,0,,
서울,2024.1.3,0.6,,
서울,2024.1.4,,,
서울,2024.1.5,0,,
서울,2024.1.6,2.4,,
서울,2024.1.7,,,
서울,2024.1.8,,,
서울,2024.1.9,1.6,,
서울,2024.1.10,,,
서울,2024.1.11,,,
서울,2024.1.12,,,
서울,2024.1.13,,,
서울,2024.1.14,3.1,,
서울,2024.1.15,,,
서울,2024.1.16,,,
서울,2024.1.17,9.7,,
서울,2024.1.18,0.5,,
서울,2024.1.19,,,
서울,2024.1.20,0.4,,
서울,2024.1.21,0.4,,
서울,2024.1.22,0.2,,
서울,2024.1.23,,,
서울,2024.1.24,,,
서울,2024.1.25,,,
서울,2024.1.26,,,
서울,2024.1.27,,,
서울,2024.1.28,,,
서울,2024.1.29,,,
서울,2024.1.30,,,
서울,2024.1.31,,,
서울,2024.2.1,,,
서울,2024.2.2,,,
서울,2024.2.3,0,,
서울,2024.2.4,,,
서울,2024.2.5,3.9,,
서울,2024.2.6,0.2,,
서울,2024.2.7,0,,
서울,2024.2.8,,,
서울,2024.2.9,,,
서울,2024.2.10,,,
서울,2024.2.11,0,,
서울,2024.2.12,,,
서울,2024.2.13,,,
서울,2024.2.14,,,
서울,2024.2.15,10.9,,
서울,2024.2.16,,,
서울,2024.2.17,,,
서울,2024.2.18,17.1,,
서울,2024.2.19,8.9,,
서울,2024.2.20,2.6,,